Interval,EMA_alpha,EMA_beta,RSI_alpha,RSI_beta,EMA_posterior,RSI_posterior,EMA_interval_profit,RSI_interval_profit,EMA_cum_profit,RSI_cum_profit,EMA_posterior_return,RSI_posterior_return,EMA_ppd_var,RSI_ppd_var
0,28.63667286171874,38.30357662023509,17.590241557648987,21.970931023333264,0.42779453442937637,0.44463397847072217,-0.09831918130739181,-0.04545703837907102,-0.09831918130739181,-0.04545703837907102,-0.004915959065369591,-0.0045457038379070995,0.00042,0.00044
1,41.561780637802705,56.109680438904014,36.146438584912396,33.40850321775754,0.42552635313975673,0.5196818176839432,-0.0488099604258495,0.07118624832839135,-0.14712914173324132,0.025729209949320327,-0.004746101346233591,0.001286460497466018,0.0004129032258064516,0.00042
2,47.393843867770656,61.98469046763995,54.21981729150528,51.7088554968569,0.43330114227382915,0.5118521346890899,-0.0004294679876799103,-0.0022697357250648035,-0.14755860972092122,0.023459474224255525,-0.00409885027002559,0.0007108931583107742,0.0004111111111111111,0.00041212121212121214
3,49.519546700812384,64.06161769303782,66.05244630757954,66.32116359276844,0.4359837915475147,0.49898500431698134,0.0004877560764386112,-0.027796790798372703,-0.1470708536444826,-0.004337316574117178,-0.0038702856222232267,-0.00010578820912480844,0.0004105263157894737,0.0004097560975609756
4,71.51416941322641,83.50811109117643,75.25795742229359,80.39174772644783,0.46131542627638816,0.4835085125948414,0.04312601183996738,-0.04865073018965345,-0.10394484180451523,-0.05298804676377063,-0.0019989392654714464,-0.0010813887094647061,0.0004076923076923077,0.00040816326530612246
5,81.9027226590717,96.74231497656599,93.94013587456243,92.23500352919218,0.45846626216463693,0.5045793771145576,-0.02845650639544279,0.06838922649524479,-0.13240134819995802,0.01540117973147416,-0.002244090647456916,0.0002566863288579037,0.0004067796610169492,0.00040666666666666667
6,105.31794917400218,119.35593958551162,111.14025460445937,105.11191595444663,0.4687591858381563,0.5139382153585613,0.008016019059848577,0.0432320630464251,-0.12438532914010944,0.05863324277789926,-0.0016584710552014603,0.0008258203208154837,0.00040533333333333334,0.0004056338028169014
7,125.7928628835352,142.28302710321663,127.95854407852222,125.72232528043058,0.4692434776202807,0.5044075432328471,-0.02452173808172009,-0.03792119851921096,-0.14890706722182953,0.0207120442586883,-0.0016731131148520187,0.000246571955460576,0.0004044943820224719,0.0004047619047619048
8,159.07621192758617,173.81291084656905,140.3903468930533,142.0166877492957,0.4778654544249245,0.4971205730439717,0.018668004764506946,-0.038625596543340565,-0.13023906245732259,-0.017913552284652266,-0.001217187499601147,-0.00019056970515587447,0.00040373831775700935,0.0004042553191489362
9,168.85156473105098,192.29308269947302,152.76633934771291,166.08515573501532,0.46754552762279045,0.4791143893117912,-0.08704819049439148,-0.11692475531060019,-0.21728725295171408,-0.13483830759525245,-0.0018894543734931674,-0.001284174358050023,0.00040347826086956524,0.00040380952380952384
10,170.85156473105098,194.67165495895784,169.00880370279793,176.6603986074639,0.4674164472395104,0.48893220041946617,-0.0037857225948484154,0.0566722148263641,-0.2210729755465625,-0.07816609276888835,-0.0018895126115090826,-0.0006917353342379495,0.00040341880341880344,0.00040353982300884956
11,170.85156473105098,194.67165495895784,178.86035671355341,186.4493351706849,0.4674164472395104,0.4896129522077718,0.0,0.0006261644753446545,-0.2210729755465625,-0.0775399282935437,-0.0018895126115090826,-0.0006461660691128638,0.00040341880341880344,0.00040333333333333334
12,204.2001976544529,223.89842998490806,199.604091478327,200.3634320760702,0.4769933479592355,0.49905074718192727,0.041218578974516557,0.06829637859388261,-0.17985439657204594,-0.009243549699661083,-0.0013322547894225633,-7.11042284589309e-05,0.000402962962962963,0.0004030769230769231
13,214.70190022943044,239.53508056107313,211.13233948073025,220.00174900768462,0.47266495091568084,0.4897138619239653,-0.05134948001187496,-0.08110068929211169,-0.2312038765839209,-0.09034423899177277,-0.001628196313971275,-0.0006546683984911066,0.0004028169014084507,0.0004028985507246377
14,229.71710340857072,263.38596091424284,231.37255257084047,243.67481584370844,0.465860222799558,0.487051540445402,-0.10129924899090381,-0.04727101470974532,-0.3325031255748247,-0.1376152537015181,-0.0021875205629922688,-0.0009174350246767873,0.00040263157894736843,0.0004026666666666667
15,267.7505633956308,294.59908656158393,253.95771907430398,257.9798537334858,0.4761282654234818,0.4960716551462301,0.06820334339718917,0.08280128613686148,-0.2642997821776355,-0.054813967564656604,-0.001545612761272723,-0.0003425872972791036,0.0004023391812865497,0.0004025
16,299.49687069287756,325.6682653643895,269.1253124444554,273.3842971065346,0.47906841475792517,0.4960747380441757,0.006771284944411383,-0.0023685000289727634,-0.25752849723322413,-0.05718246759362937,-0.0013554131433327597,-0.0003363674564331137,0.00040210526315789477,0.0004023529411764706
17,311.24739033210574,340.7549213848871,290.4590380703189,291.04509226553114,0.47737160549701446,0.49949608767621845,-0.033361363812694285,0.03814726849147695,-0.2908898610459184,-0.01903519910215242,-0.001469140712353124,-0.0001051668458682451,0.00040202020202020206,0.00040220994475138124
18,358.7664060957881,378.01326738172116,318.9968039218525,302.69525056426113,0.48693852315775066,0.5131106335041278,0.18366385068953398,0.22625292877887235,-0.10722601035638443,0.20721772967671992,-0.0004918624328274527,0.001084909579459267,0.00040183486238532114,0.00040209424083769633
19,401.6811407715544,406.29114979302614,341.0042156779512,316.14351934309934,0.4971471738107191,0.5189156068034348,0.15154901530513618,0.08559142977260445,0.04432300494875174,0.2928091594493244,0.00018623111323004768,0.0014495502943035865,0.0004016806722689076,0.000401980198019802
20,426.3503540870997,429.55083531949145,371.18522934294197,324.9792043332041,0.4981303442079507,0.5331861430824207,0.07700319878639109,0.28835839717198486,0.12132620373514283,0.5811675566213093,0.00048530481494056966,0.0027674645553395685,0.0004016,0.0004019047619047619
21,461.6910439178679,463.01078116007886,384.8115240220342,337.3466256525601,0.499286398487372,0.5328632297446632,0.0188074399018072,0.012588733597361715,0.14013364363695002,0.5937562902186709,0.0005228867299886181,0.002723652707425097,0.0004014925373134329,0.00040183486238532114
22,461.6910439178679,463.01078116007886,407.1341693580728,357.430177494771,0.499286398487372,0.5325047800540904,0.0,-0.006492215100230354,0.14013364363695002,0.5872640751184406,0.0005228867299886181,0.00257571962771246,0.0004014925373134329,0.0004017543859649123
23,495.56629619972455,495.07440878314816,422.2694029094676,374.1843713149389,0.5002482673153356,0.5301869569526205,0.018116246587874224,-0.016189602687731453,0.15824989022482425,0.5710744724307091,0.0005533212944923914,0.002409596930087381,0.0004013986013986014,0.0004016877637130802
24,527.8381896493753,529.6204577683017,445.3930985716363,394.06365493290804,0.49915728708480533,0.5305730125015012,-0.022741555355027934,0.0324441204419955,0.1355083348697963,0.6035185928727046,0.0004457511015453817,0.0024335427131963907,0.00040131578947368425,0.00040161290322580646
25,537.5505936575851,552.1718948646009,457.4529897456327,407.37767644358894,0.49329127307134674,0.5289509352869591,-0.12839033088089466,-0.012541303366845866,0.007118003988901639,0.5909772895058587,2.2741226801602057e-05,0.002308505037132261,0.00040127795527156553,0.0004015625
26,544.8432385273857,564.2361797442695,471.344745112077,417.6919640593261,0.49125719001840956,0.5301746713601715,-0.047716400098682325,0.035774677507071195,-0.040598396109780686,0.6267519670129299,-0.00012686998784306513,0.002374060481109584,0.00040125,0.0004015151515151515
27,582.6221666713346,590.6797204236389,487.99436483793244,433.81777854405016,0.4965662913181473,0.5293859148432982,0.13362523572922225,0.00523805241131301,0.09302683961944155,0.6319900194242429,0.00027360835182188613,0.0022981455251790653,0.0004011764705882353,0.0004014545454545455
28,609.0438641484769,612.0906183570906,503.54553824698104,451.5830561618083,0.4987524903062428,0.5272018251727333,0.05010799543690281,-0.022141042087095955,0.14313483505634436,0.6098489773371469,0.0004054811191397849,0.0021398209731127967,0.0004011331444759207,0.00040140350877192985
29,632.7003474681541,637.880012694723,527.1106771788826,475.3653971530849,0.4979616931801524,0.5258087356649782,-0.02132911017955311,-0.0021720205937510936,0.12180572487679125,0.6076769567433958,0.0003309938175999754,0.0020391844186019993,0.00040108695652173914,0.00040134228187919464
30,650.7914687653418,660.6179840574987,541.1649038023529,495.43871458049966,0.49625345262267057,0.5220557734947849,-0.04646850065588065,-0.060190908039443825,0.0753372242209106,0.547486048703952,0.00019721786445264474,0.0017717995103687762,0.0004010471204188482,0.00040129449838187707
31,657.8299816173218,672.9705140593223,564.372073197793,512.3373821846023,0.49431149428814186,0.5241637568765989,-0.0531401714984369,0.06308501791337554,0.0221970527224737,0.6105710666173275,5.73567253810683e-05,0.0019080345831791483,0.00040103359173126617,0.00040125
32,693.3729665654865,700.2892542242704,588.2321567840232,529.835598306396,0.49751866429483016,0.5261149461701919,0.08224244783216605,0.06361867464436513,0.10443950055463976,0.6741897412616926,0.00025660810947085845,0.002024593817602681,0.000400982800982801,0.0004012012012012012
33,715.342380561601,722.7546422980136,607.0084257696924,548.5647089218626,0.49742289232972836,0.5252877620175159,-0.0049597407762880545,0.0004715837020259554,0.0994797597783517,0.6746613249637186,0.0002351767370646603,0.0019442689480222448,0.0004009456264775414,0.0004011527377521614
34,715.342380561601,722.7546422980136,623.282530012737,560.8350930193153,0.49742289232972836,0.5263687642928236,0.0,0.04003720145592009,0.0994797597783517,0.7146985264196386,0.0002351767370646603,0.002007580130392245,0.0004009456264775414,0.000401123595505618
35,738.1868160411101,742.8721974798638,639.73872396419,574.0298340749853,0.49841823269836666,0.5270681298563856,0.02726880297658939,0.03261452895783068,0.1267485627549411,0.7473130553774693,0.0002893802802624216,0.0020418389491187695,0.00040091324200913244,0.0004010928961748634
36,767.9682406570713,767.4094869056021,658.1745880384107,589.7504481251511,0.5001819597032829,0.5274151643449725,0.05244135190222943,0.027152500240550312,0.17918991465717052,0.7744655556180196,0.00039124435514665954,0.002043444737778417,0.0004008733624454149,0.00040105540897097627
37,789.8805743100653,782.4361287253009,669.5599911530408,600.1053313948514,0.5023673492657023,0.5273515620710234,0.0688569183329527,0.010305198449299576,0.2480468329901232,0.7847707540673191,0.0005266387112316831,0.002022605036255979,0.0004008492569002123,0.00040103092783505155
