Date,Close
,BHARTIARTL.NS
2015-09-01,294.8592834472656
2015-09-02,293.0238342285156
2015-09-03,296.01171875
2015-09-04,298.7861328125
2015-09-07,296.3104553222656
2015-09-08,296.8653869628906
2015-09-09,302.627685546875
2015-09-10,299.1703186035156
2015-09-11,297.6763610839844
2015-09-14,302.3289489746094
2015-09-15,299.6398010253906
2015-09-16,306.89605712890625
2015-09-18,304.6764831542969
2015-09-21,300.7496032714844
2015-09-22,293.4933166503906
2015-09-23,288.4566650390625
2015-09-24,284.2309875488281
2015-09-28,279.663818359375
2015-09-29,275.4381408691406
2015-09-30,288.41400146484375
2015-10-01,289.7799072265625
2015-10-05,295.5848388671875
2015-10-06,297.8044128417969
2015-10-07,292.51165771484375
2015-10-08,291.5726013183594
2015-10-09,296.7373352050781
2015-10-12,298.3592834472656
2015-10-13,294.90191650390625
2015-10-14,295.62750244140625
2015-10-15,299.8532409667969
2015-10-16,298.4873046875
2015-10-19,310.48150634765625
2015-10-20,308.9021911621094
2015-10-21,317.1401062011719
2015-10-23,306.5545959472656
2015-10-26,300.6642761230469
2015-10-27,301.04840087890625
2015-10-28,305.8716125488281
2015-10-29,303.3959655761719
2015-10-30,297.9751892089844
2015-11-02,298.9141845703125
2015-11-03,296.780029296875
2015-11-04,295.712890625
2015-11-05,287.30419921875
2015-11-06,289.5664367675781
2015-11-09,286.19439697265625
2015-11-10,283.1212463378906
2015-11-13,285.0419616699219
2015-11-16,286.62127685546875
2015-11-17,285.55413818359375
2015-11-18,285.0846252441406
2015-11-19,289.8652648925781
2015-11-20,291.40185546875
2015-11-23,289.39569091796875
2015-11-24,291.5726013183594
2015-11-26,292.0848083496094
2015-11-27,292.12744140625
2015-11-30,285.4261169433594
2015-12-01,275.5235595703125
2015-12-02,275.6515197753906
2015-12-03,272.7917785644531
2015-12-04,274.2856750488281
2015-12-07,273.26129150390625
2015-12-08,271.3404846191406
2015-12-09,265.36474609375
2015-12-10,266.9013671875
2015-12-11,264.2550048828125
2015-12-14,261.3525085449219
2015-12-15,263.9561462402344
2015-12-16,273.47467041015625
2015-12-17,275.2247009277344
2015-12-18,272.36492919921875
2015-12-21,273.9442138671875
2015-12-22,275.9076843261719
2015-12-23,283.7187805175781
2015-12-24,288.92620849609375
2015-12-28,283.20654296875
2015-12-29,286.19439697265625
2015-12-30,284.3590393066406
2015-12-31,290.5908508300781
2016-01-01,290.6762390136719
2016-01-04,278.9808654785156
2016-01-05,276.1211242675781
2016-01-06,275.0539855957031
2016-01-07,275.1820373535156
2016-01-08,276.4625244140625
2016-01-11,274.1576232910156
2016-01-12,269.24896240234375
2016-01-13,263.44403076171875
2016-01-14,263.5720520019531
2016-01-15,261.3097839355469
2016-01-18,256.3157958984375
2016-01-19,264.8952331542969
2016-01-20,264.2976989746094
2016-01-21,264.0415954589844
2016-01-22,254.99261474609375
2016-01-25,253.9682159423828
2016-01-27,254.2243194580078
2016-01-28,248.76080322265625
2016-01-29,247.48028564453125
2016-02-01,253.1999053955078
2016-02-02,257.9804992675781
2016-02-03,255.93167114257812
2016-02-04,259.73046875
2016-02-05,262.2488098144531
2016-02-08,265.49285888671875
2016-02-09,266.5599670410156
2016-02-10,265.7489013671875
2016-02-11,263.5293884277344
2016-02-12,277.0601501464844
2016-02-15,272.23681640625
2016-02-16,269.1636047363281
2016-02-17,272.7917785644531
2016-02-18,274.2003479003906
2016-02-19,278.3406066894531
2016-02-22,280.9443359375
2016-02-23,274.2856750488281
2016-02-24,276.5478820800781
2016-02-25,275.352783203125
2016-02-26,271.4258728027344
2016-02-29,269.3343505859375
2016-03-01,273.77349853515625
2016-03-02,278.5967102050781
2016-03-03,284.6151123046875
2016-03-04,281.0723876953125
2016-03-08,282.9931945800781
2016-03-09,285.63958740234375
2016-03-10,287.0907897949219
2016-03-11,287.90179443359375
2016-03-14,290.8896484375
2016-03-15,292.72503662109375
2016-03-16,288.9689025878906
2016-03-17,290.8896484375
2016-03-18,293.920166015625
2016-03-21,301.902099609375
2016-03-22,299.554443359375
2016-03-23,305.7862854003906
2016-03-28,298.61541748046875
2016-03-29,302.627685546875
2016-03-30,302.0300598144531
2016-03-31,299.4690856933594
2016-04-01,286.3651428222656
2016-04-04,297.50567626953125
2016-04-05,282.13946533203125
2016-04-06,285.55413818359375
2016-04-07,282.77972412109375
2016-04-08,285.63958740234375
2016-04-11,297.2922058105469
2016-04-12,298.87158203125
2016-04-13,299.8532409667969
2016-04-18,306.8106994628906
2016-04-20,304.4631042480469
2016-04-21,304.97528076171875
2016-04-22,301.43255615234375
2016-04-25,306.4265441894531
2016-04-26,307.66436767578125
2016-04-27,318.4633483886719
2016-04-28,318.1645812988281
2016-04-29,310.3960876464844
2016-05-02,305.44482421875
2016-05-03,314.4510498046875
2016-05-04,308.5606994628906
2016-05-05,302.5423278808594
2016-05-06,306.5545959472656
2016-05-09,313.1278991699219
2016-05-10,314.87786865234375
2016-05-11,306.38385009765625
2016-05-12,309.11553955078125
2016-05-13,302.96917724609375
2016-05-16,301.7313232421875
2016-05-17,299.810546875
2016-05-18,299.8532409667969
2016-05-19,294.3470764160156
2016-05-20,291.9140319824219
2016-05-23,295.243408203125
2016-05-24,294.64581298828125
2016-05-25,300.1947021484375
2016-05-26,301.2191162109375
2016-05-27,299.8532409667969
2016-05-30,303.8227844238281
2016-05-31,299.9813232421875
2016-06-01,310.0973815917969
2016-06-02,312.6156921386719
2016-06-03,305.74359130859375
2016-06-06,297.7190856933594
2016-06-07,298.06048583984375
2016-06-08,301.04840087890625
2016-06-09,299.8532409667969
2016-06-10,299.7251892089844
2016-06-13,292.2981872558594
2016-06-14,292.51165771484375
2016-06-15,300.4081115722656
2016-06-16,295.7983093261719
2016-06-17,304.7618408203125
2016-06-20,311.1644287109375
2016-06-21,309.20098876953125
2016-06-22,309.92657470703125
2016-06-23,311.4205627441406
2016-06-24,303.7801513671875
2016-06-27,299.7678527832031
2016-06-28,304.8472595214844
2016-06-29,304.0789489746094
2016-06-30,313.1278991699219
2016-07-01,314.4510498046875
2016-07-04,318.7194519042969
2016-07-05,312.35955810546875
2016-07-07,310.1827087402344
2016-07-08,303.09716796875
2016-07-11,307.1948547363281
2016-07-12,310.1400146484375
2016-07-13,310.48150634765625
2016-07-14,313.2558898925781
2016-07-15,323.45733642578125
2016-07-18,309.58514404296875
2016-07-19,310.99371337890625
2016-07-20,310.225341796875
2016-07-21,314.02423095703125
2016-07-22,313.5973815917969
2016-07-25,317.5243225097656
2016-07-26,315.7315368652344
2016-07-27,318.0364990234375
2016-07-28,317.48162841796875
2016-07-29,309.07293701171875
2016-08-01,310.73760986328125
2016-08-02,305.44482421875
2016-08-03,306.3411865234375
2016-08-04,312.6583557128906
2016-08-05,310.73760986328125
2016-08-08,300.1093444824219
2016-08-09,298.3165283203125
2016-08-10,295.7555847167969
2016-08-11,296.83544921875
2016-08-12,298.078125
2016-08-16,293.4930114746094
2016-08-17,296.2355041503906
2016-08-18,302.663330078125
2016-08-19,301.1634826660156
2016-08-22,300.1350402832031
2016-08-23,303.1775817871094
2016-08-24,302.19195556640625
2016-08-25,296.53546142578125
2016-08-26,294.7785339355469
2016-08-29,293.62158203125
2016-08-30,284.4084167480469
2016-08-31,284.2369689941406
2016-09-01,266.41058349609375
2016-09-02,273.3097229003906
2016-09-06,275.5379943847656
2016-09-07,274.3810119628906
2016-09-08,278.0234069824219
2016-09-09,276.0522766113281
2016-09-12,272.58123779296875
2016-09-14,274.1239013671875
2016-09-15,276.5665283203125
2016-09-16,277.3377685546875
2016-09-19,277.8091735839844
2016-09-20,273.56683349609375
2016-09-21,275.8380126953125
2016-09-22,280.2517395019531
2016-09-23,280.2088928222656
2016-09-26,274.5524597167969
2016-09-27,269.7958984375
2016-09-28,275.7523193359375
2016-09-29,270.56719970703125
2016-09-30,269.1101989746094
2016-10-03,273.1383056640625
2016-10-04,277.6806640625
2016-10-05,275.70947265625
2016-10-06,276.2236633300781
2016-10-07,273.78106689453125
2016-10-10,270.7386779785156
2016-10-13,262.896728515625
2016-10-14,261.73968505859375
2016-10-17,258.2258605957031
2016-10-18,262.8110656738281
2016-10-19,263.06805419921875
2016-10-20,264.9107360839844
2016-10-21,265.4678039550781
2016-10-24,262.8110656738281
2016-10-25,267.22479248046875
2016-10-26,272.28131103515625
2016-10-27,276.9093322753906
2016-10-28,273.2668762207031
2016-11-01,272.0670471191406
2016-11-02,265.3392639160156
2016-11-03,264.7821960449219
2016-11-04,262.8537902832031
2016-11-07,261.9111328125
2016-11-08,261.3111572265625
2016-11-09,257.96875
2016-11-10,264.5251159667969
2016-11-11,258.3115539550781
2016-11-15,259.3828430175781
2016-11-16,265.3821105957031
2016-11-17,254.6691436767578
2016-11-18,260.3255920410156
2016-11-21,256.6831359863281
2016-11-22,260.49700927734375
2016-11-23,257.5830993652344
2016-11-24,259.1685791015625
2016-11-25,257.96875
2016-11-28,273.2240295410156
2016-11-29,278.4090576171875
2016-11-30,278.19488525390625
2016-12-01,272.7098083496094
2016-12-02,273.0526123046875
2016-12-05,280.0374755859375
2016-12-06,281.8372497558594
2016-12-07,281.2372741699219
2016-12-08,284.9226379394531
2016-12-09,284.5369873046875
2016-12-12,282.09442138671875
2016-12-13,282.8228454589844
2016-12-14,276.4808044433594
2016-12-15,272.92401123046875
2016-12-16,265.8963317871094
2016-12-19,261.825439453125
2016-12-20,259.2970886230469
2016-12-21,258.5686340332031
2016-12-22,250.4696044921875
2016-12-23,253.29786682128906
2016-12-26,253.769287109375
2016-12-27,256.7688903808594
2016-12-28,256.6831359863281
2016-12-29,259.6828308105469
2016-12-30,261.9539794921875
2017-01-02,266.53912353515625
2017-01-03,260.9255065917969
2017-01-04,269.02459716796875
2017-01-05,275.1952209472656
2017-01-06,274.0382080078125
2017-01-09,272.49554443359375
2017-01-10,274.338134765625
2017-01-11,276.60931396484375
2017-01-12,275.795166015625
2017-01-13,274.42388916015625
2017-01-16,273.0526123046875
2017-01-17,272.9669494628906
2017-01-18,269.02459716796875
2017-01-19,271.76702880859375
2017-01-20,274.72381591796875
2017-01-23,273.9525451660156
2017-01-24,271.2528076171875
2017-01-25,266.839111328125
2017-01-27,277.46636962890625
2017-01-30,296.2355041503906
2017-01-31,298.4209899902344
2017-02-01,295.7641906738281
2017-02-02,302.7918701171875
2017-02-03,303.2204284667969
2017-02-06,304.4631042480469
2017-02-07,302.663330078125
2017-02-08,301.8491516113281
2017-02-09,304.4631042480469
2017-02-10,306.4342956542969
2017-02-13,306.86279296875
2017-02-14,316.20452880859375
2017-02-15,313.0763244628906
2017-02-16,313.4191589355469
2017-02-17,316.6758728027344
2017-02-20,321.6895751953125
2017-02-21,310.9765930175781
2017-02-22,309.3910217285156
2017-02-23,313.89056396484375
2017-02-27,304.8487243652344
2017-02-28,312.94775390625
2017-03-01,310.890869140625
2017-03-02,305.83441162109375
2017-03-03,305.2344665527344
2017-03-06,309.819580078125
2017-03-07,309.4767761230469
2017-03-08,309.13397216796875
2017-03-09,308.7054443359375
2017-03-10,312.7335510253906
2017-03-14,309.4767761230469
2017-03-15,311.27655029296875
2017-03-16,309.0910949707031
2017-03-17,297.2639465332031
2017-03-20,299.449462890625
2017-03-21,299.8778991699219
2017-03-22,289.8505859375
2017-03-23,290.10772705078125
2017-03-24,291.8218078613281
2017-03-27,290.2790832519531
2017-03-28,292.0360107421875
2017-03-29,295.54986572265625
2017-03-30,300.9920654296875
2017-03-31,300.0065002441406
2017-04-03,292.9359436035156
2017-04-05,295.2499084472656
2017-04-06,292.9359436035156
2017-04-07,295.4213562011719
2017-04-10,296.2783508300781
2017-04-11,300.1350402832031
2017-04-12,300.6492919921875
2017-04-13,291.6075439453125
2017-04-17,292.5073547363281
2017-04-18,290.3647766113281
2017-04-19,291.3504333496094
2017-04-20,293.7500915527344
2017-04-21,293.79296875
2017-04-24,295.3785095214844
2017-04-25,303.34893798828125
2017-04-26,306.4342956542969
2017-04-27,306.7342224121094
2017-04-28,304.6773681640625
2017-05-02,297.9067687988281
2017-05-03,296.83544921875
2017-05-04,296.53546142578125
2017-05-05,295.46417236328125
2017-05-08,301.0777893066406
2017-05-09,295.8927001953125
2017-05-10,319.4612731933594
2017-05-11,313.67626953125
2017-05-12,312.9049987792969
2017-05-15,312.09075927734375
2017-05-16,320.8325500488281
2017-05-17,322.2037658691406
2017-05-18,317.7472229003906
2017-05-19,319.4612731933594
2017-05-22,319.2898254394531
2017-05-23,318.73284912109375
2017-05-24,315.6903381347656
2017-05-25,317.7043762207031
2017-05-26,320.18975830078125
2017-05-29,319.7612609863281
2017-05-30,317.7043762207031
2017-05-31,318.4328308105469
2017-06-01,314.4476318359375
2017-06-02,319.8898010253906
2017-06-05,319.16131591796875
2017-06-06,316.2473449707031
2017-06-07,319.504150390625
2017-06-08,315.13323974609375
2017-06-09,315.2189025878906
2017-06-12,312.9906311035156
2017-06-13,311.27655029296875
2017-06-14,313.24774169921875
2017-06-15,313.0763244628906
2017-06-16,312.690673828125
2017-06-19,314.9618225097656
2017-06-20,314.19049072265625
2017-06-21,314.7904357910156
2017-06-22,313.8476867675781
2017-06-23,313.8476867675781
2017-06-27,318.3471374511719
2017-06-28,323.27508544921875
2017-06-29,327.77459716796875
2017-06-30,325.4176940917969
2017-07-03,327.4317626953125
2017-07-04,325.07489013671875
2017-07-05,322.5037536621094
2017-07-06,326.7889709472656
2017-07-07,330.7313232421875
2017-07-10,347.70074462890625
2017-07-11,338.9161376953125
2017-07-12,340.33026123046875
2017-07-13,346.3875427246094
2017-07-14,349.69549560546875
2017-07-17,350.94134521484375
2017-07-18,350.81243896484375
2017-07-19,361.9391174316406
2017-07-20,360.69329833984375
2017-07-21,353.3900451660156
2017-07-24,360.9081115722656
2017-07-25,367.5669250488281
2017-07-26,366.23516845703125
2017-07-27,357.4712829589844
2017-07-28,355.1084899902344
2017-07-31,359.9629821777344
2017-08-01,358.3305358886719
2017-08-02,357.2994079589844
2017-08-03,364.47369384765625
2017-08-04,361.63836669921875
2017-08-07,358.6741638183594
2017-08-08,358.9748229980469
2017-08-09,357.4712829589844
2017-08-10,357.6430969238281
2017-08-11,356.1824951171875
2017-08-14,351.0272521972656
2017-08-16,350.3398742675781
2017-08-17,357.7290344238281
2017-08-18,361.7243347167969
2017-08-21,360.134765625
2017-08-22,362.66943359375
2017-08-23,371.089599609375
2017-08-24,371.9917907714844
2017-08-28,373.23760986328125
2017-08-29,367.8247375488281
2017-08-30,368.59796142578125
2017-08-31,367.4809875488281
2017-09-01,363.0560607910156
2017-09-04,357.7720031738281
2017-09-05,349.26593017578125
2017-09-06,345.8291320800781
2017-09-07,341.3612365722656
2017-09-08,346.68829345703125
2017-09-11,346.2156677246094
2017-09-12,348.1488952636719
2017-09-13,345.0987854003906
2017-09-14,342.7359619140625
2017-09-15,340.2442626953125
2017-09-18,340.8027648925781
2017-09-19,339.21319580078125
2017-09-20,340.97454833984375
2017-09-21,343.7669677734375
2017-09-22,339.685791015625
2017-09-25,334.8742370605469
2017-09-26,332.8121337890625
2017-09-27,331.6092834472656
2017-09-28,328.2583923339844
2017-09-29,334.616455078125
2017-10-03,330.4923095703125
2017-10-04,324.04833984375
2017-10-05,324.5208435058594
2017-10-06,328.4731750488281
2017-10-09,325.5948791503906
2017-10-10,330.4493408203125
2017-10-11,346.7312316894531
2017-10-12,343.89581298828125
2017-10-13,370.23040771484375
2017-10-16,389.4765319824219
2017-10-17,400.3454895019531
2017-10-18,396.90869140625
2017-10-19,407.0472717285156
2017-10-23,427.3244323730469
2017-10-24,431.3627014160156
2017-10-25,443.1337890625
2017-10-26,439.3103332519531
2017-10-27,416.9710388183594
2017-10-30,423.5010070800781
2017-10-31,427.19549560546875
2017-11-01,463.1961669921875
2017-11-02,466.7189025878906
2017-11-03,465.04345703125
2017-11-06,457.56842041015625
2017-11-07,441.9308776855469
2017-11-08,425.5631103515625
2017-11-09,433.2529296875
2017-11-10,432.56561279296875
2017-11-13,427.8829345703125
2017-11-14,428.01177978515625
2017-11-15,418.2169189453125
2017-11-16,420.9233703613281
2017-11-17,424.0165100097656
2017-11-20,423.28619384765625
2017-11-21,432.39373779296875
2017-11-22,428.8280334472656
2017-11-23,426.4652099609375
2017-11-24,426.8518981933594
2017-11-27,427.8829345703125
2017-11-28,422.7276916503906
2017-11-29,425.94970703125
2017-11-30,426.5511779785156
2017-12-01,415.98297119140625
2017-12-04,416.1118469238281
2017-12-05,421.5677490234375
2017-12-06,415.38153076171875
2017-12-07,442.2315979003906
2017-12-08,451.2102966308594
2017-12-11,457.6972351074219
2017-12-12,450.0933532714844
2017-12-13,444.5085144042969
2017-12-14,447.0431213378906
2017-12-15,445.0240478515625
2017-12-18,452.1553649902344
2017-12-19,461.04815673828125
2017-12-20,454.4322814941406
2017-12-21,450.3081359863281
2017-12-22,454.13153076171875
2017-12-26,466.5041198730469
2017-12-27,459.37274169921875
2017-12-28,456.537353515625
2017-12-29,455.07672119140625
2018-01-01,453.57305908203125
2018-01-02,443.8210754394531
2018-01-03,445.2388000488281
2018-01-04,449.3630065917969
2018-01-05,463.96942138671875
2018-01-08,443.6493225097656
2018-01-09,438.0215148925781
2018-01-10,435.1002197265625
2018-01-11,442.2745666503906
2018-01-12,437.80670166015625
2018-01-15,433.4677429199219
2018-01-16,427.238525390625
2018-01-17,429.5154113769531
2018-01-18,425.3053283691406
2018-01-19,427.7969970703125
2018-01-22,421.6107482910156
2018-01-23,422.8136291503906
2018-01-24,394.8036193847656
2018-01-25,388.96099853515625
2018-01-29,378.5647277832031
2018-01-30,381.02069091796875
2018-01-31,380.37213134765625
2018-02-01,379.1181640625
2018-02-02,365.2384338378906
2018-02-05,380.67474365234375
2018-02-06,379.7667236328125
2018-02-07,372.0702209472656
2018-02-08,371.6811218261719
2018-02-09,365.3681945800781
2018-02-12,367.0112609863281
2018-02-14,376.00494384765625
2018-02-15,370.9459533691406
2018-02-16,362.9468078613281
2018-02-19,358.32025146484375
2018-02-20,361.5632019042969
2018-02-21,362.903564453125
2018-02-22,359.83367919921875
2018-02-23,368.0057678222656
2018-02-26,365.9303283691406
2018-02-27,372.2864074707031
2018-02-28,370.6000671386719
2018-03-01,369.9082946777344
2018-03-05,364.460205078125
2018-03-06,357.9311218261719
2018-03-07,348.67803955078125
2018-03-08,347.034912109375
2018-03-09,347.7699890136719
2018-03-12,364.5466613769531
2018-03-13,368.6543273925781
2018-03-14,365.4546203613281
2018-03-15,363.5954284667969
2018-03-16,360.395751953125
2018-03-19,345.6080017089844
2018-03-20,346.25665283203125
2018-03-21,361.64971923828125
2018-03-22,359.4012756347656
2018-03-23,356.8934020996094
2018-03-26,364.50347900390625
2018-03-27,357.3257751464844
2018-03-28,344.7864990234375
2018-04-02,341.6733093261719
2018-04-03,347.813232421875
2018-04-04,341.6300964355469
2018-04-05,340.63555908203125
2018-04-06,332.8958435058594
2018-04-09,328.8746337890625
2018-04-10,333.4147033691406
2018-04-11,333.198486328125
2018-04-12,328.78814697265625
2018-04-13,326.7991943359375
2018-04-16,325.71820068359375
2018-04-17,330.38800048828125
2018-04-18,332.29046630859375
2018-04-19,341.8894958496094
2018-04-20,347.6402587890625
2018-04-23,348.3753662109375
2018-04-24,351.31561279296875
2018-04-25,363.0765380859375
2018-04-26,353.8666687011719
2018-04-27,353.4775085449219
2018-04-30,354.16937255859375
2018-05-02,353.21807861328125
2018-05-03,349.71575927734375
2018-05-04,343.1001892089844
2018-05-07,344.39739990234375
2018-05-08,346.9052429199219
2018-05-09,348.0294494628906
2018-05-10,356.3745422363281
2018-05-11,334.32269287109375
2018-05-14,331.3392333984375
2018-05-15,330.301513671875
2018-05-16,324.593994140625
2018-05-17,317.8919677734375
2018-05-18,312.48712158203125
2018-05-21,311.31964111328125
2018-05-22,312.9194641113281
2018-05-23,308.5523986816406
2018-05-24,321.6105041503906
2018-05-25,325.97760009765625
2018-05-28,324.4210510253906
2018-05-29,327.8801574707031
2018-05-30,324.983154296875
2018-05-31,323.0805969238281
2018-06-01,331.81488037109375
2018-06-04,321.9564208984375
2018-06-05,315.0381774902344
2018-06-06,328.3990173339844
2018-06-07,328.5719299316406
2018-06-08,326.4964904785156
2018-06-11,336.2252502441406
2018-06-12,329.17730712890625
2018-06-13,324.8533935546875
2018-06-14,325.58843994140625
2018-06-15,327.10186767578125
2018-06-18,320.7456970214844
2018-06-19,321.005126953125
2018-06-20,321.6105041503906
2018-06-21,318.8432312011719
2018-06-22,323.9021911621094
2018-06-25,323.5562744140625
2018-06-26,328.78814697265625
2018-06-27,324.8533935546875
2018-06-28,326.8424072265625
2018-06-29,330.301513671875
2018-07-02,318.28106689453125
2018-07-03,320.61602783203125
2018-07-04,317.718994140625
2018-07-05,314.2599182128906
2018-07-06,313.2653503417969
2018-07-09,313.1356506347656
2018-07-10,318.0649108886719
2018-07-11,313.0491943359375
2018-07-12,313.1789245605469
2018-07-13,310.4115905761719
2018-07-16,300.4234619140625
2018-07-17,296.2293395996094
2018-07-18,291.2568664550781
2018-07-19,298.34796142578125
2018-07-20,298.6939392089844
2018-07-23,310.4115905761719
2018-07-24,308.5523986816406
2018-07-25,304.6608581542969
2018-07-26,309.28741455078125
2018-07-27,315.38409423828125
2018-07-30,331.4257507324219
2018-07-31,337.78179931640625
2018-08-01,332.5067138671875
2018-08-02,324.6727600097656
2018-08-03,325.9784240722656
2018-08-06,335.7708435058594
2018-08-07,332.41961669921875
2018-08-08,335.3791198730469
2018-08-09,319.4936828613281
2018-08-10,321.88739013671875
2018-08-13,322.1919860839844
2018-08-14,319.45013427734375
2018-08-16,323.80230712890625
2018-08-17,323.2800598144531
2018-08-20,322.5401611328125
2018-08-21,320.5382080078125
2018-08-23,321.9743957519531
2018-08-24,321.1474914550781
2018-08-27,330.0259704589844
2018-08-28,327.98040771484375
2018-08-29,326.3266296386719
2018-08-30,333.4641418457031
2018-08-31,334.11700439453125
2018-09-03,334.073486328125
2018-09-04,329.32958984375
2018-09-05,323.84588623046875
2018-09-06,324.0634765625
2018-09-07,339.12200927734375
2018-09-10,338.07745361328125
2018-09-11,329.63427734375
2018-09-12,327.8933410644531
2018-09-14,333.8994140625
2018-09-17,332.55023193359375
2018-09-18,325.28204345703125
2018-09-19,322.1050109863281
2018-09-21,322.4966735839844
2018-09-24,310.0494079589844
2018-09-25,313.79229736328125
2018-09-26,314.4886474609375
2018-09-27,310.57171630859375
2018-09-28,294.6861877441406
2018-10-01,284.4150695800781
2018-10-03,277.1904296875
2018-10-04,269.9658508300781
2018-10-05,259.9123229980469
2018-10-08,256.95281982421875
2018-10-09,251.5561065673828
2018-10-10,256.8657531738281
2018-10-11,248.3790283203125
2018-10-12,252.47006225585938
2018-10-15,253.38404846191406
2018-10-16,255.90829467773438
2018-10-17,251.12088012695312
2018-10-19,250.07635498046875
2018-10-22,248.72720336914062
2018-10-23,248.85775756835938
2018-10-24,274.9273376464844
2018-10-25,257.2574157714844
2018-10-26,259.3465270996094
2018-10-29,255.99530029296875
2018-10-30,254.68972778320312
2018-10-31,254.4721221923828
2018-11-01,255.4730682373047
2018-11-02,262.9153137207031
2018-11-05,266.118896484375
2018-11-06,267.74261474609375
2018-11-07,268.7958984375
2018-11-09,263.0908508300781
2018-11-12,259.9750061035156
2018-11-13,261.159912109375
2018-11-14,264.4512939453125
2018-11-15,267.1721496582031
2018-11-16,292.0549621582031
2018-11-19,295.6535339355469
2018-11-20,291.3528137207031
2018-11-21,292.0111083984375
2018-11-22,287.7542724609375
2018-11-26,293.63482666015625
2018-11-27,288.01751708984375
2018-11-28,275.6858215332031
2018-11-29,278.4067077636719
2018-11-30,275.15924072265625
2018-12-03,280.6448669433594
2018-12-04,279.59161376953125
2018-12-05,274.54486083984375
2018-12-06,266.8210144042969
2018-12-07,266.7771911621094
2018-12-10,258.87786865234375
2018-12-11,254.752685546875
2018-12-12,268.1814880371094
2018-12-13,266.0311584472656
2018-12-14,280.20599365234375
2018-12-17,276.6513366699219
2018-12-18,278.933349609375
2018-12-19,283.2341003417969
2018-12-20,277.83624267578125
2018-12-21,270.24407958984375
2018-12-24,271.29736328125
2018-12-26,281.25927734375
2018-12-27,277.9678955078125
2018-12-28,277.83624267578125
2018-12-31,274.2815246582031
2019-01-01,280.4254150390625
2019-01-02,274.4131774902344
2019-01-03,275.15924072265625
2019-01-04,283.0146484375
2019-01-07,285.20892333984375
2019-01-08,288.9830017089844
2019-01-09,293.5909423828125
2019-01-10,296.04852294921875
2019-01-11,294.1175842285156
2019-01-14,291.04559326171875
2019-01-15,296.4434814453125
2019-01-16,293.10821533203125
2019-01-17,291.44061279296875
2019-01-18,273.09661865234375
2019-01-21,273.27215576171875
2019-01-22,267.5671081542969
2019-01-23,266.5577697753906
2019-01-24,264.7585144042969
2019-01-25,269.89300537109375
2019-01-28,267.8304138183594
2019-01-29,270.2002258300781
2019-01-30,266.5577697753906
2019-01-31,268.9275817871094
2019-02-01,273.7110290527344
2019-02-04,269.0592041015625
2019-02-05,270.5074157714844
2019-02-06,270.9901428222656
2019-02-07,273.09661865234375
2019-02-08,274.9398193359375
2019-02-11,274.0182189941406
2019-02-12,273.1844177246094
2019-02-14,264.0124206542969
2019-02-15,267.3476867675781
2019-02-18,265.54840087890625
2019-02-19,266.5577697753906
2019-02-20,271.20953369140625
2019-02-21,271.9994812011719
2019-02-22,275.4664306640625
2019-02-25,278.4505920410156
2019-02-26,276.8707580566406
2019-02-27,280.99591064453125
2019-02-28,279.1527099609375
2019-03-01,270.0246887207031
2019-03-05,270.2002258300781
2019-03-06,271.5606689453125
2019-03-07,270.0246887207031
2019-03-08,270.9462890625
2019-03-11,292.9765625
2019-03-12,308.7751770019531
2019-03-13,296.4434814453125
2019-03-14,300.5247497558594
2019-03-15,296.3995666503906
2019-03-18,290.2117919921875
2019-03-19,295.5657653808594
2019-03-20,293.152099609375
2019-03-22,291.0017395019531
2019-03-25,287.0081787109375
2019-03-26,287.7103271484375
2019-03-27,283.0585632324219
2019-03-28,289.5974426269531
2019-04-01,299.1204528808594
2019-04-02,312.8564453125
2019-04-03,307.1953125
2019-04-04,313.1636962890625
2019-04-05,313.0320129394531
2019-04-08,311.5399475097656
2019-04-09,308.5996398925781
2019-04-10,298.4183044433594
2019-04-11,303.9916687011719
2019-04-12,300.1297912597656
2019-04-15,305.1766052246094
2019-04-16,306.09820556640625
2019-04-18,304.5183410644531
2019-04-22,306.668701171875
2019-04-23,302.5472412109375
2019-04-24,310.1945495605469
2019-04-25,314.0181884765625
2019-04-26,311.1026611328125
2019-04-30,306.1797180175781
2019-05-02,309.90777587890625
2019-05-03,316.83819580078125
2019-05-06,318.74993896484375
2019-05-07,310.6247253417969
2019-05-08,310.1945495605469
2019-05-09,301.5434875488281
2019-05-10,309.81219482421875
2019-05-13,304.6024169921875
2019-05-14,321.7611389160156
2019-05-15,316.6469421386719
2019-05-16,310.8636779785156
2019-05-17,313.9704284667969
2019-05-20,325.1068115234375
2019-05-21,316.07342529296875
2019-05-22,320.3750305175781
2019-05-23,323.8641357421875
2019-05-24,337.62933349609375
2019-05-27,334.0924377441406
2019-05-28,330.3643798828125
2019-05-29,323.8641357421875
2019-05-30,331.4158630371094
2019-05-31,333.4233093261719
2019-06-03,337.1991882324219
2019-06-04,336.8645935058594
2019-06-06,338.202880859375
2019-06-07,341.357421875
2019-06-10,347.4274597167969
2019-06-11,347.23626708984375
2019-06-12,344.0339660644531
2019-06-13,347.7142639160156
2019-06-14,337.7249450683594
2019-06-17,328.83489990234375
2019-06-18,329.9342041015625
2019-06-19,326.062744140625
2019-06-20,333.1843566894531
2019-06-21,328.6437072753906
2019-06-24,329.88641357421875
2019-06-25,333.2321472167969
2019-06-26,330.31658935546875
2019-06-27,333.2798767089844
2019-06-28,331.3680725097656
2019-07-01,333.13653564453125
2019-07-02,338.0116882324219
2019-07-03,337.62933349609375
2019-07-04,346.75830078125
2019-07-05,348.7179260253906
2019-07-08,340.68829345703125
2019-07-09,346.32818603515625
2019-07-10,342.7435302734375
2019-07-11,344.84649658203125
2019-07-12,340.4015197753906
2019-07-15,335.1439208984375
2019-07-16,335.287353515625
2019-07-17,330.9856872558594
2019-07-18,327.4010314941406
2019-07-19,324.96343994140625
2019-07-22,327.4488525390625
2019-07-23,328.4525451660156
2019-07-24,323.959716796875
2019-07-25,324.0552978515625
2019-07-26,320.1360778808594
2019-07-29,319.8015441894531
2019-07-30,330.50775146484375
2019-07-31,322.717041015625
2019-08-01,309.6210021972656
2019-08-02,328.40478515625
2019-08-05,341.93096923828125
2019-08-06,352.2070617675781
2019-08-07,349.9606628417969
2019-08-08,355.7439270019531
2019-08-09,354.7879943847656
2019-08-13,336.14764404296875
2019-08-14,345.2767028808594
2019-08-16,345.6112365722656
2019-08-19,345.08551025390625
2019-08-20,342.2655334472656
2019-08-21,339.2544250488281
2019-08-22,337.1991882324219
2019-08-23,340.68829345703125
2019-08-26,344.7508850097656
2019-08-27,332.9453430175781
2019-08-28,330.5555725097656
2019-08-29,328.35693359375
2019-08-30,331.511474609375
2019-09-03,322.0000915527344
2019-09-04,330.4599914550781
2019-09-05,332.3717956542969
2019-09-06,333.8534240722656
2019-09-09,340.7360534667969
2019-09-11,339.445556640625
2019-09-12,332.2283935546875
2019-09-13,327.9267883300781
2019-09-16,328.83489990234375
2019-09-17,324.86785888671875
2019-09-18,320.8052062988281
2019-09-19,322.717041015625
2019-09-20,340.68829345703125
2019-09-23,332.6585693359375
2019-09-24,333.2798767089844
2019-09-25,326.5885314941406
2019-09-26,328.8826904296875
2019-09-27,333.7100524902344
2019-09-30,350.8687438964844
2019-10-01,335.478515625
2019-10-03,329.6952209472656
2019-10-04,324.5332946777344
2019-10-07,326.4928894042969
2019-10-09,343.5559997558594
2019-10-10,360.6191101074219
2019-10-11,366.0199890136719
2019-10-14,376.2005310058594
2019-10-15,366.7369689941406
2019-10-16,368.26641845703125
2019-10-17,368.8399658203125
2019-10-18,366.5935974121094
2019-10-22,357.6080017089844
2019-10-23,344.464111328125
2019-10-24,355.93511962890625
2019-10-25,358.6116638183594
2019-10-27,356.65203857421875
2019-10-29,344.0339660644531
2019-10-30,351.7290954589844
2019-10-31,357.7513732910156
2019-11-01,356.604248046875
2019-11-04,361.3360595703125
2019-11-05,367.0237121582031
2019-11-06,355.0747985839844
2019-11-07,355.3615417480469
2019-11-08,352.8761901855469
2019-11-11,355.12261962890625
2019-11-13,352.35040283203125
2019-11-14,346.5193786621094
2019-11-15,375.7225341796875
2019-11-18,391.1606140136719
2019-11-19,419.9814453125
2019-11-20,418.0218505859375
2019-11-21,407.50677490234375
2019-11-22,402.1058349609375
2019-11-25,431.500244140625
2019-11-26,413.29010009765625
2019-11-27,414.2459411621094
2019-11-28,417.4004821777344
2019-11-29,422.94482421875
2019-12-02,438.3828430175781
2019-12-03,438.86077880859375
2019-12-04,441.0593566894531
2019-12-05,427.6287841796875
2019-12-06,425.2389831542969
2019-12-09,426.1949157714844
2019-12-10,427.294189453125
2019-12-11,423.2315979003906
2019-12-12,419.31231689453125
2019-12-13,408.9406433105469
2019-12-16,403.2529602050781
2019-12-17,420.55499267578125
2019-12-18,418.97772216796875
2019-12-19,429.6361999511719
2019-12-20,433.7944030761719
2019-12-23,434.7503356933594
2019-12-24,436.9967346191406
2019-12-26,427.82000732421875
2019-12-27,435.0370788574219
2019-12-30,440.1990966796875
2019-12-31,435.7062683105469
2020-01-01,433.31646728515625
2020-01-02,435.1327209472656
2020-01-03,435.0370788574219
2020-01-06,429.8273620605469
2020-01-07,425.47796630859375
2020-01-08,438.62176513671875
2020-01-09,439.8166809082031
2020-01-10,436.8533630371094
2020-01-13,448.2287292480469
2020-01-14,448.65887451171875
2020-01-15,447.2250061035156
2020-01-16,453.0083312988281
2020-01-17,478.00555419921875
2020-01-20,486.274169921875
2020-01-21,489.1897277832031
2020-01-22,491.8184814453125
2020-01-23,500.5650939941406
2020-01-24,501.1387023925781
2020-01-27,491.722900390625
2020-01-28,469.5934753417969
2020-01-29,468.6375427246094
2020-01-30,468.2073669433594
2020-01-31,474.5642395019531
2020-02-03,487.5646667480469
2020-02-04,496.0245056152344
2020-02-05,509.8375244140625
2020-02-06,522.6945190429688
2020-02-07,515.6685180664062
2020-02-10,514.9515991210938
2020-02-11,510.74560546875
2020-02-12,515.81201171875
2020-02-13,516.1466064453125
2020-02-14,540.09228515625
2020-02-17,539.9488525390625
2020-02-18,524.0806274414062
2020-02-19,519.4443969726562
2020-02-20,521.5474853515625
2020-02-24,506.5395812988281
2020-02-25,511.6537170410156
2020-02-26,512.3229370117188
2020-02-27,508.21246337890625
2020-02-28,500.4217224121094
2020-03-02,495.4987487792969
2020-03-03,497.8407287597656
2020-03-04,493.96929931640625
2020-03-05,503.671875
2020-03-06,496.2635192871094
2020-03-09,474.3730163574219
2020-03-11,472.0310363769531
2020-03-12,444.4529113769531
2020-03-13,470.16705322265625
2020-03-16,444.30950927734375
2020-03-17,434.6547546386719
2020-03-18,406.78985595703125
2020-03-19,425.1434020996094
2020-03-20,442.2542419433594
2020-03-23,389.39215087890625
2020-03-24,386.2376403808594
2020-03-25,410.18328857421875
2020-03-26,449.94940185546875
2020-03-27,429.1582336425781
2020-03-30,412.0473327636719
2020-03-31,421.463134765625
2020-04-01,402.7749328613281
2020-04-03,405.2603454589844
2020-04-07,449.4714660644531
2020-04-08,441.2983093261719
2020-04-09,467.1558837890625
2020-04-13,489.6199035644531
2020-04-15,487.99481201171875
2020-04-16,478.38787841796875
2020-04-17,480.2997131347656
2020-04-20,468.68536376953125
2020-04-21,478.4356689453125
2020-04-22,479.2960205078125
2020-04-23,474.1340637207031
2020-04-24,472.4612731933594
2020-04-27,472.27008056640625
2020-04-28,464.2403259277344
2020-04-29,474.1340637207031
2020-04-30,491.6272888183594
2020-05-04,509.02496337890625
2020-05-05,504.7711181640625
2020-05-06,521.9298095703125
2020-05-07,504.7711181640625
2020-05-08,506.68304443359375
2020-05-11,512.5619506835938
2020-05-12,535.169189453125
2020-05-13,531.4412231445312
2020-05-14,516.051025390625
2020-05-15,529.6727294921875
2020-05-18,514.3302612304688
2020-05-19,572.4022216796875
2020-05-20,567.8615112304688
2020-05-21,568.3395385742188
2020-05-22,567.0491333007812
2020-05-26,534.5957641601562
2020-05-27,538.2760009765625
2020-05-28,537.94140625
2020-05-29,528.2388916015625
2020-06-01,534.4044799804688
2020-06-02,533.4963989257812
2020-06-03,527.3307495117188
2020-06-04,547.2138061523438
2020-06-05,558.5891723632812
2020-06-08,559.3538818359375
2020-06-09,542.7687377929688
2020-06-10,542.0997314453125
2020-06-11,527.5219116210938
2020-06-12,535.408203125
2020-06-15,526.4225463867188
2020-06-16,520.8782958984375
2020-06-17,538.610595703125
2020-06-18,536.1729125976562
2020-06-19,547.2615966796875
2020-06-22,555.4346923828125
2020-06-23,553.2838745117188
2020-06-24,532.7794799804688
2020-06-25,534.3567504882812
2020-06-26,535.6950073242188
2020-06-29,542.0997314453125
2020-06-30,535.169189453125
2020-07-01,535.4559936523438
2020-07-02,533.8309936523438
2020-07-03,555.8170776367188
2020-07-06,551.1807861328125
2020-07-07,542.1474609375
2020-07-08,536.5553588867188
2020-07-09,543.5813598632812
2020-07-10,549.3645629882812
2020-07-13,560.93115234375
2020-07-14,563.3688354492188
2020-07-15,538.7539672851562
2020-07-16,537.94140625
2020-07-17,541.7650756835938
2020-07-20,550.3682861328125
2020-07-21,542.720947265625
2020-07-22,544.0592651367188
2020-07-23,542.1952514648438
2020-07-24,534.786865234375
2020-07-27,534.834716796875
2020-07-28,539.7098999023438
2020-07-29,541.2393798828125
2020-07-30,528.33447265625
2020-07-31,530.3897094726562
2020-08-03,523.2202758789062
2020-08-04,524.797607421875
2020-08-05,534.3089599609375
2020-08-06,532.7260131835938
2020-08-07,538.00244140625
2020-08-10,536.1317138671875
2020-08-11,528.69677734375
2020-08-12,525.4349365234375
2020-08-13,513.5870361328125
2020-08-14,507.1114501953125
2020-08-17,500.2041015625
2020-08-18,504.9049377441406
2020-08-19,514.066650390625
2020-08-20,504.1853942871094
2020-08-21,499.1008605957031
2020-08-24,505.4805603027344
2020-08-25,507.15936279296875
2020-08-26,493.5845947265625
2020-08-27,490.37078857421875
2020-08-28,502.1707763671875
2020-08-31,492.24151611328125
2020-09-01,524.0439453125
2020-09-02,528.1690673828125
2020-09-03,516.1292724609375
2020-09-04,501.8829650878906
2020-09-07,494.4959716796875
2020-09-08,477.851318359375
2020-09-09,483.75128173828125
2020-09-10,477.13177490234375
2020-09-11,471.66351318359375
2020-09-14,454.82696533203125
2020-09-15,465.81146240234375
2020-09-16,462.16595458984375
2020-09-17,459.5277404785156
2020-09-18,474.4456481933594
2020-09-21,448.73504638671875
2020-09-22,451.80499267578125
2020-09-23,416.1651916503906
2020-09-24,402.2546691894531
2020-09-25,421.77740478515625
2020-09-28,425.61480712890625
2020-09-29,417.8920593261719
2020-09-30,403.8376159667969
2020-10-01,414.7742004394531
2020-10-05,407.1952819824219
2020-10-06,409.4018249511719
2020-10-07,405.2766418457031
2020-10-08,407.1952819824219
2020-10-09,407.9148254394531
2020-10-12,398.17742919921875
2020-10-13,398.4172668457031
2020-10-14,396.45062255859375
2020-10-15,382.9718017578125
2020-10-16,385.3221740722656
2020-10-19,381.53277587890625
2020-10-20,388.5359802246094
2020-10-21,401.9668884277344
2020-10-22,413.1432800292969
2020-10-23,416.7408142089844
2020-10-26,416.405029296875
2020-10-27,415.7335205078125
2020-10-28,433.4814453125
2020-10-29,432.4741516113281
2020-10-30,416.1172180175781
2020-11-02,438.8058166503906
2020-11-03,436.1196594238281
2020-11-04,434.6326599121094
2020-11-05,438.7098693847656
2020-11-06,431.6106872558594
2020-11-09,452.62042236328125
2020-11-10,447.4399719238281
2020-11-11,459.14398193359375
2020-11-12,460.3431701660156
2020-11-13,456.4098815917969
2020-11-14,461.92608642578125
2020-11-17,464.8521423339844
2020-11-18,458.9521179199219
2020-11-19,449.5025939941406
2020-11-20,464.0367126464844
2020-11-23,457.8489074707031
2020-11-24,454.9708557128906
2020-11-25,445.2334289550781
2020-11-26,449.3586730957031
2020-11-27,444.4179992675781
2020-12-01,459.95947265625
2020-12-02,465.18792724609375
2020-12-03,460.39117431640625
2020-12-04,473.6781311035156
2020-12-07,488.26025390625
2020-12-08,483.127685546875
2020-12-09,482.6000671386719
2020-12-10,484.6147155761719
2020-12-11,483.8951416015625
2020-12-14,482.6000671386719
2020-12-15,483.70330810546875
2020-12-16,495.2154846191406
2020-12-17,494.16021728515625
2020-12-18,489.89111328125
2020-12-21,470.9440002441406
2020-12-22,479.96185302734375
2020-12-23,486.58135986328125
2020-12-24,496.2707824707031
2020-12-28,500.3959655761719
2020-12-29,499.1008605957031
2020-12-30,495.1675720214844
2020-12-31,488.979736328125
2021-01-01,494.20819091796875
2021-01-04,496.07891845703125
2021-01-05,493.10491943359375
2021-01-06,503.9455871582031
2021-01-07,523.0845947265625
2021-01-08,518.287841796875
2021-01-11,524.9073486328125
2021-01-12,542.751220703125
2021-01-13,554.7430419921875
2021-01-14,556.9495849609375
2021-01-15,578.151123046875
2021-01-18,563.0894165039062
2021-01-19,568.221923828125
2021-01-20,571.9153442382812
2021-01-21,557.7169799804688
2021-01-22,553.3999633789062
2021-01-25,557.1414184570312
2021-01-27,547.5958862304688
2021-01-28,547.6918334960938
2021-01-29,531.0951538085938
2021-02-01,555.6065063476562
2021-02-02,574.9853515625
2021-02-03,584.09912109375
2021-02-04,576.1844482421875
2021-02-05,557.4771728515625
2021-02-08,573.0186157226562
2021-02-09,574.6015625
2021-02-10,566.207275390625
2021-02-11,573.7861328125
2021-02-12,562.4177856445312
2021-02-15,569.5650024414062
2021-02-16,569.8048095703125
2021-02-17,569.7089233398438
2021-02-18,565.10400390625
2021-02-19,557.7169799804688
2021-02-22,547.1162109375
2021-02-23,542.559326171875
2021-02-24,549.6585083007812
2021-02-25,555.6065063476562
2021-02-26,533.6853637695312
2021-03-01,510.5650634765625
2021-03-02,519.19921875
2021-03-03,524.0918579101562
2021-03-04,517.6642456054688
2021-03-05,511.14068603515625
2021-03-08,504.3293151855469
2021-03-09,500.5398254394531
2021-03-10,504.47320556640625
2021-03-12,502.8902587890625
2021-03-15,501.5951843261719
2021-03-16,507.7829895019531
2021-03-17,501.64312744140625
2021-03-18,505.76837158203125
2021-03-19,508.4065246582031
2021-03-22,506.5357971191406
2021-03-23,507.7350158691406
2021-03-24,502.3626403808594
2021-03-25,487.1090087890625
2021-03-26,501.2593688964844
2021-03-30,500.3000183105469
2021-03-31,496.2707824707031
2021-04-01,499.6285095214844
2021-04-05,506.77569580078125
2021-04-06,510.5650634765625
2021-04-07,519.5829467773438
2021-04-08,520.926025390625
2021-04-09,523.0845947265625
2021-04-12,501.21142578125
2021-04-13,514.3544311523438
2021-04-15,517.4244384765625
2021-04-16,518.7675170898438
2021-04-19,505.0487976074219
2021-04-20,508.6463623046875
2021-04-22,509.26995849609375
2021-04-23,501.3553161621094
2021-04-26,506.1040954589844
2021-04-27,512.5796508789062
2021-04-28,522.1732177734375
2021-04-29,518.863525390625
2021-04-30,514.9300537109375
2021-05-03,536.1317138671875
2021-05-04,529.9918823242188
2021-05-05,537.1869506835938
2021-05-06,536.0357666015625
2021-05-07,545.389404296875
2021-05-10,549.2747802734375
2021-05-11,545.2935180664062
2021-05-12,538.9138793945312
2021-05-14,537.6187133789062
2021-05-17,527.3056640625
2021-05-18,514.5464477539062
2021-05-19,506.7276611328125
2021-05-20,499.4845886230469
2021-05-21,509.36590576171875
2021-05-24,505.3846130371094
2021-05-25,504.7130126953125
2021-05-26,504.3772888183594
2021-05-27,498.66912841796875
2021-05-28,502.3146667480469
2021-05-31,513.1553344726562
2021-06-01,511.236572265625
2021-06-02,507.97479248046875
2021-06-03,510.4211730957031
2021-06-04,511.04473876953125
2021-06-07,514.6422729492188
2021-06-08,524.571533203125
2021-06-09,518.0479736328125
2021-06-10,522.9885864257812
2021-06-11,518.863525390625
2021-06-14,517.4244384765625
2021-06-15,520.4463500976562
2021-06-16,514.9300537109375
2021-06-17,507.15936279296875
2021-06-18,516.8487548828125
2021-06-21,517.6642456054688
2021-06-22,514.5943603515625
2021-06-23,512.3399047851562
2021-06-24,507.2553405761719
2021-06-25,513.34716796875
2021-06-28,509.6056823730469
2021-06-29,503.6097717285156
2021-06-30,504.2812805175781
2021-07-01,501.40325927734375
2021-07-02,503.6577453613281
2021-07-05,502.65045166015625
2021-07-06,504.7130126953125
2021-07-07,508.07080078125
2021-07-08,503.9455871582031
2021-07-09,514.4503784179688
2021-07-12,508.11871337890625
2021-07-13,508.50250244140625
2021-07-14,508.50250244140625
2021-07-15,504.0894470214844
2021-07-16,519.1512451171875
2021-07-19,516.56103515625
2021-07-20,504.3772888183594
2021-07-22,524.4756469726562
2021-07-23,526.010498046875
2021-07-26,521.9332885742188
2021-07-27,518.57568359375
2021-07-28,544.8137817382812
2021-07-29,544.0942993164062
2021-07-30,538.8179321289062
2021-08-02,542.1756591796875
2021-08-03,556.6138305664062
2021-08-04,551.049560546875
2021-08-05,574.3616943359375
2021-08-06,583.1876831054688
2021-08-09,574.889404296875
2021-08-10,596.9063110351562
2021-08-11,595.611328125
2021-08-12,597.8178100585938
2021-08-13,611.1527099609375
2021-08-16,608.274658203125
2021-08-17,600.8876953125
2021-08-18,597.6259155273438
2021-08-20,588.751953125
2021-08-23,597.3380737304688
2021-08-24,594.8917236328125
2021-08-25,587.552734375
2021-08-26,563.0414428710938
2021-08-27,570.9560546875
2021-08-30,595.2276000976562
2021-08-31,637.0550537109375
2021-09-01,639.3095092773438
2021-09-02,639.4055786132812
2021-09-03,631.6828002929688
2021-09-06,627.9892578125
2021-09-07,643.2908325195312
2021-09-08,640.7006225585938
2021-09-09,658.2567749023438
2021-09-13,665.1160278320312
2021-09-14,665.9794921875
2021-09-15,696.007080078125
2021-09-16,689.3875732421875
2021-09-17,698.54931640625
2021-09-20,695.4794311523438
2021-09-21,697.1102905273438
2021-09-22,697.206298828125
2021-09-23,697.2542114257812
2021-09-24,709.3419799804688
2021-09-27,706.19140625
2021-09-28,680.3890991210938
2021-09-29,678.385498046875
2021-09-30,672.716796875
2021-10-01,660.5975341796875
2021-10-04,665.9730224609375
2021-10-05,683.4188842773438
2021-10-06,675.7466430664062
2021-10-07,676.8217163085938
2021-10-08,679.7537841796875
2021-10-11,675.2090454101562
2021-10-12,670.8108520507812
2021-10-13,674.2806396484375
2021-10-14,670.2734375
2021-10-18,665.191162109375
2021-10-19,665.6797485351562
2021-10-20,692.4105834960938
2021-10-21,680.2913208007812
2021-10-22,678.7764282226562
2021-10-25,675.453369140625
2021-10-26,680.43798828125
2021-10-27,686.44873046875
2021-10-28,674.1339721679688
2021-10-29,669.8336181640625
2021-11-01,696.3689575195312
2021-11-02,697.7861328125
2021-11-03,683.2722778320312
2021-11-04,685.2269897460938
2021-11-08,692.9481201171875
2021-11-09,697.0531005859375
2021-11-10,718.7993774414062
2021-11-11,712.1043090820312
2021-11-12,726.6670532226562
2021-11-15,720.8517456054688
2021-11-16,713.765869140625
2021-11-17,703.7479858398438
2021-11-18,698.177001953125
2021-11-22,725.2986450195312
2021-11-23,741.7184448242188
2021-11-24,741.7184448242188
2021-11-25,747.826904296875
2021-11-26,722.0245971679688
2021-11-29,722.6110229492188
2021-11-30,711.7623291015625
2021-12-01,705.898193359375
2021-12-02,715.9649658203125
2021-12-03,702.08642578125
2021-12-06,681.8062744140625
2021-12-07,683.0279541015625
2021-12-08,698.958984375
2021-12-09,697.7861328125
2021-12-10,694.609619140625
2021-12-13,687.1817016601562
2021-12-14,675.9420776367188
2021-12-15,669.9312744140625
2021-12-16,665.9730224609375
2021-12-17,650.9705200195312
2021-12-20,643.3471069335938
2021-12-21,651.8990478515625
2021-12-22,669.2471313476562
2021-12-23,663.3829956054688
2021-12-24,661.721435546875
2021-12-27,660.4509887695312
2021-12-28,664.653564453125
2021-12-29,661.5260009765625
2021-12-30,663.9694213867188
2021-12-31,668.3186645507812
2022-01-03,675.64892578125
2022-01-04,681.65966796875
2022-01-05,684.1519165039062
2022-01-06,694.3165283203125
2022-01-07,688.7454833984375
2022-01-10,688.9898681640625
2022-01-11,687.5238037109375
2022-01-12,713.668212890625
2022-01-13,715.2319946289062
2022-01-14,704.2855834960938
2022-01-17,712.1043090820312
2022-01-18,698.177001953125
2022-01-19,687.7681274414062
2022-01-20,699.2033081054688
2022-01-21,679.5094604492188
2022-01-24,674.2806396484375
2022-01-25,695.7335815429688
2022-01-27,691.23779296875
2022-01-28,699.5941772460938
2022-01-31,712.7885131835938
2022-02-01,706.6800537109375
2022-02-02,708.634765625
2022-02-03,705.311767578125
2022-02-04,703.89453125
2022-02-07,690.5046997070312
2022-02-08,692.8504028320312
2022-02-09,703.0639038085938
2022-02-10,707.6573486328125
2022-02-11,698.958984375
2022-02-14,674.0850830078125
2022-02-15,695.4404296875
2022-02-16,705.4583740234375
2022-02-17,700.7670288085938
2022-02-18,696.4177856445312
2022-02-21,693.8766479492188
2022-02-22,683.4188842773438
2022-02-23,688.4523315429688
2022-02-24,655.7107543945312
2022-02-25,673.0588989257812
2022-02-28,670.9575805664062
2022-03-02,658.9849243164062
2022-03-03,656.8346557617188
2022-03-04,638.900146484375
2022-03-07,660.10888671875
2022-03-08,667.5368041992188
2022-03-09,675.8443603515625
2022-03-10,681.952880859375
2022-03-11,679.1184692382812
2022-03-14,684.5429077148438
2022-03-15,687.1817016601562
2022-03-16,695.8802490234375
2022-03-17,706.533447265625
2022-03-21,692.166259765625
2022-03-22,702.9661254882812
2022-03-23,688.9898681640625
2022-03-24,690.3580932617188
2022-03-25,693.2902221679688
2022-03-28,716.4537353515625
2022-03-29,737.85791015625
2022-03-30,732.53125
2022-03-31,737.85791015625
2022-04-01,741.3274536132812
2022-04-04,750.4168701171875
2022-04-05,749.2440185546875
2022-04-06,758.0891723632812
2022-04-07,745.1392211914062
2022-04-08,744.8460083007812
2022-04-11,740.8876342773438
2022-04-12,724.8589477539062
2022-04-13,723.881591796875
2022-04-18,712.9840698242188
2022-04-19,707.119873046875
2022-04-20,722.6110229492188
2022-04-21,719.092529296875
2022-04-22,722.0245971679688
2022-04-25,722.6110229492188
2022-04-26,739.17724609375
2022-04-27,735.4633178710938
2022-04-28,730.4298706054688
2022-04-29,722.2689208984375
2022-05-02,724.5657348632812
2022-05-04,706.0447998046875
2022-05-05,702.6728515625
2022-05-06,694.1698608398438
2022-05-09,695.3915405273438
2022-05-10,703.3570556640625
2022-05-11,706.484619140625
2022-05-12,689.4296875
2022-05-13,674.2806396484375
2022-05-16,677.505859375
2022-05-17,691.042236328125
2022-05-18,680.3890991210938
2022-05-19,658.9849243164062
2022-05-20,672.3258666992188
2022-05-23,670.3222045898438
2022-05-24,662.845458984375
2022-05-25,672.619140625
2022-05-26,677.9456787109375
2022-05-27,668.9050903320312
2022-05-30,683.223388671875
2022-05-31,684.347412109375
2022-06-01,678.9231567382812
2022-06-02,680.193603515625
2022-06-03,670.9575805664062
2022-06-06,667.4879150390625
2022-06-07,669.7847290039062
2022-06-08,648.2828369140625
2022-06-09,661.0372924804688
2022-06-10,658.1052856445312
2022-06-13,656.1016235351562
2022-06-14,666.6082763671875
2022-06-15,666.6571044921875
2022-06-16,639.3888549804688
2022-06-17,629.0777587890625
2022-06-20,626.3899536132812
2022-06-21,639.4865112304688
2022-06-22,628.2957763671875
2022-06-23,645.2529907226562
2022-06-24,656.0039672851562
2022-06-27,668.46533203125
2022-06-28,665.7286987304688
2022-06-29,672.2281494140625
2022-06-30,669.442626953125
2022-07-01,658.2030639648438
2022-07-04,666.461669921875
2022-07-05,668.9540405273438
2022-07-06,678.2388916015625
2022-07-07,671.250732421875
2022-07-08,679.4118041992188
2022-07-11,645.5950927734375
2022-07-12,647.9895629882812
2022-07-13,628.9310302734375
2022-07-14,627.1229858398438
2022-07-15,637.0430908203125
2022-07-18,648.0384521484375
2022-07-19,657.66552734375
2022-07-20,655.4664916992188
2022-07-21,662.9921264648438
2022-07-22,663.4807739257812
2022-07-25,663.0409545898438
2022-07-26,668.6119384765625
2022-07-27,659.6201782226562
2022-07-28,651.7523803710938
2022-07-29,662.60107421875
2022-08-01,681.744384765625
2022-08-02,674.2343139648438
2022-08-03,680.4681396484375
2022-08-04,681.5971069335938
2022-08-05,690.7760620117188
2022-08-08,691.4631958007812
2022-08-10,702.1637573242188
2022-08-11,696.8135375976562
2022-08-12,696.7153930664062
2022-08-16,691.2177734375
2022-08-17,709.7229614257812
2022-08-18,719.785400390625
2022-08-19,718.90185546875
2022-08-22,714.287841796875
2022-08-23,724.1049194335938
2022-08-24,725.2338256835938
2022-08-25,727.4426879882812
2022-08-26,717.4783325195312
2022-08-29,707.4159545898438
2022-08-30,713.30615234375
2022-09-01,721.6015014648438
2022-09-02,721.552490234375
2022-09-05,726.8536987304688
2022-09-06,747.3222045898438
2022-09-07,739.3212280273438
2022-09-08,755.7157592773438
2022-09-09,751.7398681640625
2022-09-12,755.0776977539062
2022-09-13,769.9013671875
2022-09-14,769.017822265625
2022-09-15,770.73583984375
2022-09-16,765.3856201171875
2022-09-19,768.4288330078125
2022-09-20,777.6568603515625
2022-09-21,765.9254760742188
2022-09-22,769.7540893554688
2022-09-23,757.2373657226562
2022-09-26,741.235595703125
2022-09-27,746.6840209960938
2022-09-28,747.5185546875
2022-09-29,750.6599731445312
2022-09-30,785.2650756835938
2022-10-03,788.6519165039062
2022-10-04,793.904052734375
2022-10-06,774.1717529296875
2022-10-07,778.5894165039062
2022-10-10,777.8531494140625
2022-10-11,766.0236206054688
2022-10-12,761.3605346679688
2022-10-13,754.8322143554688
2022-10-14,751.936279296875
2022-10-17,751.9852905273438
2022-10-18,768.821533203125
2022-10-19,769.06689453125
2022-10-20,778.3931274414062
2022-10-21,782.85986328125
2022-10-24,787.4247436523438
2022-10-25,787.62109375
2022-10-27,802.1503295898438
2022-10-28,801.9049072265625
2022-10-31,816.7777099609375
2022-11-01,820.2628173828125
2022-11-02,795.0330200195312
2022-11-03,803.6719970703125
2022-11-04,801.4631958007812
2022-11-07,807.6478881835938
2022-11-09,804.064697265625
2022-11-10,810.64208984375
2022-11-11,811.7710571289062
2022-11-14,806.8626098632812
2022-11-15,819.96826171875
2022-11-16,825.8094482421875
2022-11-17,830.6688842773438
2022-11-18,821.9807739257812
2022-11-21,835.62646484375
2022-11-22,832.09228515625
2022-11-23,827.8219604492188
2022-11-24,832.82861328125
2022-11-25,831.3560180664062
2022-11-28,822.0789184570312
2022-11-29,820.5572509765625
2022-11-30,833.2213134765625
2022-12-01,833.073974609375
2022-12-02,833.1231079101562
2022-12-05,828.6563110351562
2022-12-06,818.10302734375
2022-12-07,818.7411499023438
2022-12-08,817.36669921875
2022-12-09,819.6246948242188
2022-12-12,813.24365234375
2022-12-13,822.717041015625
2022-12-14,814.0289306640625
2022-12-15,811.2310791015625
2022-12-16,807.6969604492188
2022-12-19,825.0240478515625
2022-12-20,813.7835693359375
2022-12-21,799.1071166992188
2022-12-22,801.6595458984375
2022-12-23,793.85498046875
2022-12-26,796.1619873046875
2022-12-27,799.8923950195312
2022-12-28,789.0936889648438
2022-12-29,805.7335815429688
2022-12-30,791.3516235351562
2023-01-02,798.6162109375
2023-01-03,802.6411743164062
2023-01-04,796.9473266601562
2023-01-05,792.333251953125
2023-01-06,781.4364013671875
2023-01-09,804.4083251953125
2023-01-10,778.343994140625
2023-01-11,751.54345703125
2023-01-12,743.0518188476562
2023-01-13,750.3163452148438
2023-01-16,745.2606201171875
2023-01-17,751.6907958984375
2023-01-18,762.3422241210938
2023-01-19,757.87548828125
2023-01-20,750.463623046875
2023-01-23,758.562744140625
2023-01-24,761.458740234375
2023-01-25,762.293212890625
2023-01-27,760.3297119140625
2023-01-30,756.1084594726562
2023-01-31,756.2066040039062
2023-02-01,755.028564453125
2023-02-02,763.5203247070312
2023-02-03,778.3931274414062
2023-02-06,774.8098754882812
2023-02-07,771.5211791992188
2023-02-08,760.9187622070312
2023-02-09,752.6234741210938
2023-02-10,757.8264770507812
2023-02-13,754.5377197265625
2023-02-14,761.0169067382812
2023-02-15,771.0303955078125
2023-02-16,770.0977172851562
2023-02-17,762.587646484375
2023-02-20,764.8947143554688
2023-02-21,764.7964477539062
2023-02-22,758.0228271484375
2023-02-23,748.9910278320312
2023-02-24,743.2481079101562
2023-02-27,739.1249389648438
2023-02-28,728.6697998046875
2023-03-01,736.474365234375
2023-03-02,726.5591430664062
2023-03-03,750.4146118164062
2023-03-06,752.57421875
2023-03-08,752.5252075195312
2023-03-09,759.2499389648438
2023-03-10,759.5934448242188
2023-03-13,751.298095703125
2023-03-14,757.6791381835938
2023-03-15,742.8063354492188
2023-03-16,732.3020629882812
2023-03-17,743.3953247070312
2023-03-20,740.9901733398438
2023-03-21,743.100830078125
2023-03-22,742.85546875
2023-03-23,749.5801391601562
2023-03-24,748.500244140625
2023-03-27,747.8130493164062
2023-03-28,734.7564086914062
2023-03-29,729.9951171875
2023-03-31,735.2963256835938
2023-04-03,746.635009765625
2023-04-05,749.48193359375
2023-04-06,751.936279296875
2023-04-10,755.6666870117188
2023-04-11,759.9862060546875
2023-04-12,756.991943359375
2023-04-13,753.0160522460938
2023-04-17,745.75146484375
2023-04-18,745.849609375
2023-04-19,750.6599731445312
2023-04-20,758.1699829101562
2023-04-21,751.199951171875
2023-04-24,746.3405151367188
2023-04-25,758.4644775390625
2023-04-26,759.2989501953125
2023-04-27,772.1102294921875
2023-04-28,784.676025390625
2023-05-02,775.7425537109375
2023-05-03,765.0419311523438
2023-05-04,774.6626586914062
2023-05-05,772.8955688476562
2023-05-08,779.2276000976562
2023-05-09,779.0802612304688
2023-05-10,781.4854736328125
2023-05-11,774.1717529296875
2023-05-12,777.4605102539062
2023-05-15,782.4671630859375
2023-05-16,772.9446411132812
2023-05-17,777.7550048828125
2023-05-18,784.72509765625
2023-05-19,791.008056640625
2023-05-22,787.1793212890625
2023-05-23,785.3141479492188
2023-05-24,786.7376098632812
2023-05-25,807.6478881835938
2023-05-26,802.9848022460938
2023-05-29,806.2244262695312
2023-05-30,803.4756469726562
2023-05-31,834.350341796875
2023-06-01,812.8018188476562
2023-06-02,821.1954345703125
2023-06-05,819.2319946289062
2023-06-06,814.2744140625
2023-06-07,828.8035888671875
2023-06-08,820.70458984375
2023-06-09,818.2503051757812
2023-06-12,821.048095703125
2023-06-13,819.0847778320312
2023-06-14,812.8018188476562
2023-06-15,814.519775390625
2023-06-16,822.4716186523438
2023-06-19,812.9981689453125
2023-06-20,815.992431640625
2023-06-21,823.649658203125
2023-06-22,827.380126953125
2023-06-23,839.16064453125
2023-06-26,836.3627319335938
2023-06-27,849.0758056640625
2023-06-28,856.2422485351562
2023-06-30,862.6724243164062
2023-07-03,863.0650634765625
2023-07-04,849.3212890625
2023-07-05,850.7937622070312
2023-07-06,853.7389526367188
2023-07-07,854.5242919921875
2023-07-10,869.2007446289062
2023-07-11,875.5818481445312
2023-07-12,873.66748046875
2023-07-13,868.8571166992188
2023-07-14,870.2805786132812
2023-07-17,862.0342407226562
2023-07-18,859.4328002929688
2023-07-19,854.8187866210938
2023-07-20,868.6607666015625
2023-07-21,869.789794921875
2023-07-24,871.9004516601562
2023-07-25,867.4827880859375
2023-07-26,873.1275634765625
2023-07-27,878.7723999023438
2023-07-28,878.7232055664062
2023-07-31,873.618408203125
2023-08-01,875.33642578125
2023-08-02,862.0342407226562
2023-08-03,855.7514038085938
2023-08-04,873.3729858398438
2023-08-07,875.0909423828125
2023-08-08,869.2007446289062
2023-08-09,867.5317993164062
2023-08-10,858.794677734375
2023-08-11,858.548095703125
2023-08-14,855.0963745117188
2023-08-16,845.1356201171875
2023-08-17,844.8890991210938
2023-08-18,844.4452514648438
2023-08-21,859.9287719726562
2023-08-22,865.5502319335938
2023-08-23,856.1812744140625
2023-08-24,857.4632568359375
2023-08-25,861.4574584960938
2023-08-28,858.350830078125
2023-08-29,843.4097900390625
2023-08-30,845.924560546875
2023-08-31,844.59326171875
2023-09-01,854.0115356445312
2023-09-04,853.3704833984375
2023-09-05,853.9622192382812
2023-09-06,868.1636352539062
2023-09-07,863.2326049804688
2023-09-08,873.6371459960938
2023-09-11,878.5189208984375
2023-09-12,878.1244506835938
2023-09-13,902.533203125
2023-09-14,902.3359985351562
2023-09-15,923.2437133789062
2023-09-18,907.5136108398438
2023-09-20,898.1445922851562
2023-09-21,905.2946166992188
2023-09-22,898.8349609375
2023-09-25,897.8487548828125
2023-09-26,900.1170043945312
2023-09-27,907.5629272460938
2023-09-28,912.8884887695312
2023-09-29,913.6281127929688
2023-10-03,912.5432739257812
2023-10-04,911.5077514648438
2023-10-05,916.0443725585938
2023-10-06,913.282958984375
2023-10-09,911.8036499023438
2023-10-10,935.2755126953125
2023-10-11,942.425537109375
2023-10-12,937.2479248046875
2023-10-13,941.0448608398438
2023-10-16,933.5003051757812
2023-10-17,940.5025024414062
2023-10-18,939.7135009765625
2023-10-19,929.949951171875
2023-10-20,932.1689453125
2023-10-23,926.3502807617188
2023-10-25,909.8804931640625
2023-10-26,893.0162353515625
2023-10-27,901.9907836914062
2023-10-30,913.480224609375
2023-10-31,901.7935791015625
2023-11-01,900.8566284179688
2023-11-02,911.11328125
2023-11-03,917.9181518554688
2023-11-06,926.251708984375
2023-11-07,924.2299194335938
2023-11-08,923.8353881835938
2023-11-09,919.49609375
2023-11-10,922.6026611328125
2023-11-13,922.1095581054688
2023-11-15,936.9027709960938
2023-11-16,936.458984375
2023-11-17,934.2399291992188
2023-11-20,948.1456298828125
2023-11-21,957.46533203125
2023-11-22,956.3804931640625
2023-11-23,963.1854248046875
2023-11-24,959.733642578125
2023-11-28,971.3216552734375
2023-11-29,981.6768798828125
2023-11-30,1000.7107543945312
2023-12-01,1000.7107543945312
2023-12-04,1018.6598510742188
2023-12-05,1016.8847045898438
2023-12-06,1010.3262939453125
2023-12-07,986.2134399414062
2023-12-08,986.4599609375
2023-12-11,987.0516967773438
2023-12-12,981.5289306640625
2023-12-13,986.1148681640625
2023-12-14,991.341796875
2023-12-15,978.8661499023438
2023-12-18,976.5978393554688
2023-12-19,974.8226928710938
2023-12-20,958.1556396484375
2023-12-21,964.4181518554688
2023-12-22,975.907470703125
2023-12-26,986.0654296875
2023-12-27,1007.1211547851562
2023-12-28,1022.4074096679688
2023-12-29,1017.9694213867188
2024-01-01,999.08349609375
2024-01-02,1007.6142578125
2024-01-03,1020.9281005859375
2024-01-04,1033.4530029296875
2024-01-05,1032.1710205078125
2024-01-08,1034.5872802734375
2024-01-09,1049.82421875
2024-01-10,1048.0489501953125
2024-01-11,1048.1968994140625
2024-01-12,1061.5107421875
2024-01-15,1087.2017822265625
2024-01-16,1080.791259765625
2024-01-17,1070.2882080078125
2024-01-18,1072.0633544921875
2024-01-19,1109.4901123046875
2024-01-23,1142.03515625
2024-01-24,1173.544677734375
2024-01-25,1144.550048828125
2024-01-29,1146.1279296875
2024-01-30,1142.67626953125
2024-01-31,1154.56005859375
2024-02-01,1135.328857421875
2024-02-02,1134.9344482421875
2024-02-05,1098.1981201171875
2024-02-06,1118.4154052734375
2024-02-07,1118.661865234375
2024-02-08,1126.4036865234375
2024-02-09,1104.8056640625
2024-02-12,1103.2769775390625
2024-02-13,1102.438720703125
2024-02-14,1100.4661865234375
2024-02-15,1105.2493896484375
2024-02-16,1104.55908203125
2024-02-19,1126.4530029296875
2024-02-20,1128.1788330078125
2024-02-21,1124.1846923828125
2024-02-22,1119.8946533203125
2024-02-23,1110.229736328125
2024-02-26,1094.7462158203125
2024-02-27,1111.9556884765625
2024-02-28,1113.1883544921875
2024-02-29,1107.86279296875
2024-03-01,1113.13916015625
2024-03-04,1117.8729248046875
2024-03-05,1152.784912109375
2024-03-06,1177.242919921875
2024-03-07,1183.1602783203125
2024-03-11,1180.1029052734375
2024-03-12,1187.6475830078125
2024-03-13,1152.636962890625
2024-03-14,1178.1304931640625
2024-03-15,1203.180419921875
2024-03-18,1208.4073486328125
2024-03-19,1211.415283203125
2024-03-20,1214.8177490234375
2024-03-21,1203.969482421875
2024-03-22,1219.058349609375
2024-03-26,1196.37548828125
2024-03-27,1207.914306640625
2024-03-28,1211.661865234375
2024-04-01,1200.56689453125
2024-04-02,1191.5924072265625
2024-04-03,1208.8017578125
2024-04-04,1190.211669921875
2024-04-05,1174.5802001953125
2024-04-08,1188.09130859375
2024-04-09,1187.8447265625
2024-04-10,1212.4508056640625
2024-04-12,1208.6539306640625
2024-04-15,1207.667724609375
2024-04-16,1199.6793212890625
2024-04-18,1248.2996826171875
2024-04-19,1271.2291259765625
2024-04-22,1279.6612548828125
2024-04-23,1323.843505859375
2024-04-24,1317.9755859375
2024-04-25,1320.243896484375
2024-04-26,1307.718994140625
2024-04-29,1314.080078125
2024-04-30,1304.070068359375
2024-05-02,1286.0716552734375
2024-05-03,1259.7890625
2024-05-06,1265.706298828125
2024-05-07,1268.41845703125
2024-05-08,1270.8345947265625
2024-05-09,1257.8658447265625
2024-05-10,1283.2115478515625
2024-05-13,1268.22119140625
2024-05-14,1266.593994140625
2024-05-15,1291.8409423828125
2024-05-16,1326.5557861328125
2024-05-17,1325.9146728515625
2024-05-21,1325.766845703125
2024-05-22,1329.3170166015625
2024-05-23,1355.1065673828125
2024-05-24,1369.357421875
2024-05-27,1365.2645263671875
2024-05-28,1352.14794921875
2024-05-29,1358.114501953125
2024-05-30,1358.1639404296875
2024-05-31,1353.8245849609375
2024-06-03,1371.92138671875
2024-06-04,1281.7816162109375
2024-06-05,1325.81591796875
2024-06-06,1351.7041015625
2024-06-07,1405.6007080078125
2024-06-10,1406.3897705078125
2024-06-11,1407.5731201171875
2024-06-12,1418.5694580078125
2024-06-13,1406.09375
2024-06-14,1407.7210693359375
2024-06-18,1408.6578369140625
2024-06-19,1373.1541748046875
2024-06-20,1362.108642578125
2024-06-21,1396.527587890625
2024-06-24,1400.225830078125
2024-06-25,1395.4427490234375
2024-06-26,1439.3785400390625
2024-06-27,1455.453857421875
2024-06-28,1424.1414794921875
2024-07-01,1433.954345703125
2024-07-02,1399.3875732421875
2024-07-03,1400.275146484375
2024-07-04,1403.4310302734375
2024-07-05,1409.9893798828125
2024-07-08,1415.3642578125
2024-07-09,1415.7586669921875
2024-07-10,1425.127685546875
2024-07-11,1418.12548828125
2024-07-12,1413.490478515625
2024-07-15,1417.7803955078125
2024-07-16,1446.281982421875
2024-07-18,1463.1956787109375
2024-07-19,1441.5975341796875
2024-07-22,1445.1971435546875
2024-07-23,1445.4930419921875
2024-07-24,1435.1376953125
2024-07-25,1429.1712646484375
2024-07-26,1493.5216064453125
2024-07-29,1460.92724609375
2024-07-30,1450.078857421875
2024-07-31,1470.9866943359375
2024-08-01,1484.744384765625
2024-08-02,1473.2056884765625
2024-08-05,1445.4930419921875
2024-08-06,1423.6484375
2024-08-07,1429.7969970703125
2024-08-08,1439.7637939453125
2024-08-09,1451.961669921875
2024-08-12,1446.50732421875
2024-08-13,1447.59814453125
2024-08-14,1459.4986572265625
2024-08-16,1471.25048828125
2024-08-19,1457.4658203125
2024-08-20,1437.1357421875
2024-08-21,1451.317138671875
2024-08-22,1474.0272216796875
2024-08-23,1494.2581787109375
2024-08-26,1501.0018310546875
2024-08-27,1510.12548828125
2024-08-28,1543.4468994140625
2024-08-29,1552.9178466796875
2024-08-30,1575.8758544921875
2024-09-02,1558.322509765625
2024-09-03,1547.6617431640625
2024-09-04,1548.950927734375
2024-09-05,1534.372802734375
2024-09-06,1526.48876953125
2024-09-09,1529.860595703125
2024-09-10,1564.7686767578125
2024-09-11,1564.7191162109375
2024-09-12,1633.097412109375
2024-09-13,1620.8994140625
2024-09-16,1621.89111328125
2024-09-17,1647.97314453125
2024-09-18,1641.179931640625
2024-09-19,1651.04736328125
2024-09-20,1697.55859375
2024-09-23,1735.937744140625
2024-09-24,1742.0863037109375
2024-09-25,1745.8052978515625
2024-09-26,1756.41650390625
2024-09-27,1720.2191162109375
2024-09-30,1695.3768310546875
2024-10-01,1684.61669921875
2024-10-03,1659.5760498046875
2024-10-04,1627.2960205078125
2024-10-07,1648.2706298828125
2024-10-08,1643.708740234375
2024-10-09,1664.1875
2024-10-10,1664.1875
2024-10-11,1673.4105224609375
2024-10-14,1681.54248046875
2024-10-15,1703.012939453125
2024-10-16,1719.574462890625
2024-10-17,1687.0465087890625
2024-10-18,1693.69091796875
2024-10-21,1678.517822265625
2024-10-22,1678.22021484375
2024-10-23,1671.82373046875
2024-10-24,1664.53466796875
2024-10-25,1652.1878662109375
2024-10-28,1649.559814453125
2024-10-29,1623.5274658203125
2024-10-30,1619.80859375
2024-10-31,1599.2305908203125
2024-11-01,1603.048583984375
2024-11-04,1578.0576171875
2024-11-05,1565.314208984375
2024-11-06,1585.5450439453125
2024-11-07,1562.7357177734375
2024-11-08,1556.8846435546875
2024-11-11,1547.6121826171875
2024-11-12,1542.7528076171875
2024-11-13,1537.5958251953125
2024-11-14,1537.6453857421875
2024-11-18,1524.25732421875
2024-11-19,1512.8526611328125
2024-11-21,1512.505615234375
2024-11-22,1556.2896728515625
2024-11-25,1565.6612548828125
2024-11-26,1564.1737060546875
2024-11-27,1564.5704345703125
2024-11-28,1547.46337890625
2024-11-29,1613.6600341796875
2024-12-02,1629.9735107421875
2024-12-03,1607.11474609375
2024-12-04,1570.966796875
2024-12-05,1601.957763671875
2024-12-06,1584.6029052734375
2024-12-09,1589.263916015625
2024-12-10,1565.5621337890625
2024-12-11,1572.85107421875
2024-12-12,1597.1976318359375
2024-12-13,1667.8072509765625
2024-12-16,1648.7664794921875
2024-12-17,1601.908203125
2024-12-18,1588.619384765625
2024-12-19,1587.0325927734375
2024-12-20,1565.0166015625
2024-12-23,1573.74365234375
2024-12-24,1570.7685546875
2024-12-26,1586.2392578125
2024-12-27,1586.5863037109375
2024-12-30,1573.74365234375
2024-12-31,1574.586669921875
2025-01-01,1582.470703125
2025-01-02,1596.3546142578125
2025-01-03,1585.5946044921875
2025-01-06,1575.28076171875
2025-01-07,1577.660888671875
2025-01-08,1585.941650390625
2025-01-09,1593.7266845703125
2025-01-10,1602.5032958984375
2025-01-13,1583.958251953125
2025-01-14,1586.834228515625
2025-01-15,1594.123291015625
2025-01-16,1616.6846923828125
2025-01-17,1614.007080078125
2025-01-20,1627.5439453125
2025-01-21,1612.6683349609375
2025-01-22,1618.2218017578125
2025-01-23,1622.4366455078125
2025-01-24,1631.1636962890625
2025-01-27,1589.3134765625
2025-01-28,1604.932861328125
2025-01-29,1587.1812744140625
2025-01-30,1627.147216796875
2025-01-31,1612.8170166015625
2025-02-01,1609.7923583984375
2025-02-03,1638.6510009765625
2025-02-04,1647.675537109375
2025-02-05,1646.683837890625
2025-02-06,1606.3212890625
2025-02-07,1662.8487548828125
2025-02-10,1679.013671875
2025-02-11,1682.6829833984375
2025-02-12,1697.3603515625
2025-02-13,1700.3848876953125
2025-02-14,1702.814697265625
2025-02-17,1661.65869140625
2025-02-18,1655.0638427734375
2025-02-19,1631.560302734375
2025-02-20,1629.8743896484375
2025-02-21,1625.65966796875
2025-02-24,1588.0242919921875
2025-02-25,1627.7918701171875
2025-02-27,1636.71728515625
2025-02-28,1557.18212890625
2025-03-03,1582.5699462890625
2025-03-04,1562.2894287109375
2025-03-05,1604.833740234375
2025-03-06,1613.412109375
2025-03-07,1617.1805419921875
2025-03-10,1617.428466796875
2025-03-11,1649.1630859375
2025-03-12,1629.229736328125
2025-03-13,1618.965576171875
2025-03-17,1625.560546875
2025-03-18,1625.560546875
2025-03-19,1623.5770263671875
2025-03-20,1691.1124267578125
2025-03-21,1711.4921875
2025-03-24,1704.5501708984375
2025-03-25,1716.153076171875
2025-03-26,1724.136474609375
2025-03-27,1710.401123046875
2025-03-28,1719.0291748046875
2025-04-01,1709.8558349609375
2025-04-02,1740.0533447265625
2025-04-03,1731.524658203125
2025-04-04,1728.9957275390625
2025-04-07,1672.666748046875
2025-04-08,1706.1368408203125
2025-04-09,1701.3271484375
2025-04-11,1742.0367431640625
2025-04-15,1783.886962890625
2025-04-16,1807.489501953125
2025-04-17,1873.438232421875
2025-04-21,1867.7855224609375
2025-04-22,1836.8441162109375
2025-04-23,1866.0003662109375
2025-04-24,1830.298828125
2025-04-25,1802.13427734375
2025-04-28,1806.6962890625
2025-04-29,1808.6796875
2025-04-30,1849.042236328125
2025-05-02,1832.8773193359375
2025-05-05,1850.52978515625
2025-05-06,1885.2396240234375
2025-05-07,1881.074462890625
2025-05-08,1859.35595703125
2025-05-09,1833.07568359375
2025-05-12,1855.2900390625
2025-05-13,1805.506103515625
2025-05-14,1818.993408203125
2025-05-15,1851.7197265625
2025-05-16,1798.9608154296875
2025-05-19,1803.2252197265625
2025-05-20,1793.9031982421875
2025-05-21,1807.390380859375
2025-05-22,1816.2166748046875
2025-05-23,1816.5140380859375
2025-05-26,1832.083984375
2025-05-27,1828.513916015625
2025-05-28,1840.7117919921875
2025-05-29,1848.149658203125
2025-05-30,1840.8109130859375
2025-06-02,1838.7283935546875
2025-06-03,1826.0345458984375
2025-06-04,1859.851806640625
2025-06-05,1863.2236328125
2025-06-06,1854.6949462890625
2025-06-09,1849.63720703125
2025-06-10,1841.7034912109375
2025-06-11,1844.77783203125
2025-06-12,1828.910400390625
2025-06-13,1825.1419677734375
2025-06-16,1845.8687744140625
2025-06-17,1839.422607421875
2025-06-18,1850.4306640625
2025-06-19,1861.4385986328125
2025-06-20,1920.6435546875
2025-06-23,1920.2469482421875
2025-06-24,1917.5693359375
2025-06-25,1949.303955078125
2025-06-26,1997.600341796875
2025-06-27,2010.2940673828125
2025-06-30,1992.939208984375
2025-07-01,2002.657958984375
2025-07-02,2016.4427490234375
2025-07-03,2002.558837890625
2025-07-04,2000.4761962890625
2025-07-07,2017.037841796875
2025-07-08,2013.1700439453125
2025-07-09,2002.9554443359375
2025-07-10,1948.213134765625
2025-07-11,1905.96630859375
2025-07-14,1904.974609375
2025-07-15,1918.164306640625
2025-07-16,1920.54443359375
2025-07-17,1913.9000244140625
2025-07-18,1901.0
2025-07-21,1909.199951171875
2025-07-22,1906.800048828125
2025-07-23,1943.800048828125
2025-07-24,1936.0999755859375
2025-07-25,1937.9000244140625
2025-07-28,1890.300048828125
2025-07-29,1918.300048828125
2025-07-30,1932.5999755859375
2025-07-31,1914.300048828125
2025-08-01,1884.4000244140625
2025-08-04,1914.5999755859375
2025-08-05,1931.800048828125
2025-08-06,1929.699951171875
2025-08-07,1922.5999755859375
2025-08-08,1858.5999755859375
2025-08-11,1857.4000244140625
2025-08-12,1850.300048828125
2025-08-13,1867.4000244140625
2025-08-14,1873.800048828125
2025-08-18,1892.300048828125
2025-08-19,1909.699951171875
2025-08-20,1928.4000244140625
2025-08-21,1929.9000244140625
2025-08-22,1933.300048828125
2025-08-25,1930.699951171875
2025-08-26,1904.699951171875
2025-08-28,1881.0999755859375
2025-08-29,1888.800048828125
2025-09-01,1900.5999755859375
2025-09-02,1887.199951171875
2025-09-03,1883.9000244140625
2025-09-04,1880.4000244140625
2025-09-05,1895.300048828125
2025-09-08,1887.699951171875
2025-09-09,1893.699951171875
2025-09-10,1891.4000244140625
2025-09-11,1913.0
2025-09-12,1902.5999755859375
2025-09-15,1904.5
2025-09-16,1939.5
2025-09-17,1941.300048828125
2025-09-18,1941.0999755859375
2025-09-19,1962.4000244140625
2025-09-22,1956.199951171875
2025-09-23,1938.699951171875
2025-09-24,1931.0999755859375
2025-09-25,1935.5999755859375
2025-09-26,1916.5999755859375
2025-09-29,1902.199951171875
2025-09-30,1878.4000244140625
2025-10-01,1867.5999755859375
2025-10-03,1896.699951171875
2025-10-06,1903.0999755859375
2025-10-07,1929.0
2025-10-08,1943.5
2025-10-09,1942.0
2025-10-10,1939.9000244140625
2025-10-13,1954.9000244140625
2025-10-14,1946.5999755859375
2025-10-15,1968.5
2025-10-16,1967.4000244140625
2025-10-17,2012.0
